*** Start analyzing build configuration ***
INFO: Auto-config - Scanning: /home/esteban-sega/Desktop/Proyecto_2_UVM/Proyecto_2_UVM/DUT/UVM
INFO: Auto-config - VLOG: /home/esteban-sega/Desktop/Proyecto_2_UVM/Proyecto_2_UVM/DUT/UVM
INFO: Auto-config - Wrote:
    .dvt/default.build.auto.1
*** List of included argument files ***
    Build configuration file:  /home/esteban-sega/Desktop/Proyecto_2_UVM/Proyecto_2_UVM/DUT/UVM/.dvt/default.build
    -f /home/esteban-sega/Desktop/Proyecto_2_UVM/Proyecto_2_UVM/DUT/UVM/.dvt/default.build.auto.1
*** List of invocations ***
Invocation #1 +dvt_init+dvt in /home/esteban-sega/Desktop/Proyecto_2_UVM/Proyecto_2_UVM/DUT/UVM/.dvt/default.build.auto.1 at line 9
*** Warning: BUILD_CONFIG: $UVM_HOME environment variable not set, falling back to $DVT_UVM_HOME
    at line 11 in /home/esteban-sega/Desktop/Proyecto_2_UVM/Proyecto_2_UVM/DUT/UVM/.dvt/default.build.auto.1:11 [invocation 1]
*** Done analyzing build configuration [104 ms] ***

*** Start SystemVerilog build ***
*** Invocation #1***
Loading (1) /home/esteban-sega/.vscode/extensions/amiq.dvt-26.1.9-linux-x64/dvt_home/common/predefined_projects/libs/uvm-1.2/src/uvm_pkg.sv ...
Loading (2) /home/esteban-sega/.vscode/extensions/amiq.dvt-26.1.9-linux-x64/dvt_home/common/predefined_projects/libs/uvm-1.2/src/uvm_macros.svh ...
Loading (3) /home/esteban-sega/.vscode/extensions/amiq.dvt-26.1.9-linux-x64/dvt_home/common/predefined_projects/libs/uvm-1.2/src/macros/uvm_version_defines.svh ...
Done /home/esteban-sega/.vscode/extensions/amiq.dvt-26.1.9-linux-x64/dvt_home/common/predefined_projects/libs/uvm-1.2/src/macros/uvm_version_defines.svh [0 ms, 151 lines, SystemVerilog_2012] ...
Loading (4) /home/esteban-sega/.vscode/extensions/amiq.dvt-26.1.9-linux-x64/dvt_home/common/predefined_projects/libs/uvm-1.2/src/macros/uvm_global_defines.svh ...
Done /home/esteban-sega/.vscode/extensions/amiq.dvt-26.1.9-linux-x64/dvt_home/common/predefined_projects/libs/uvm-1.2/src/macros/uvm_global_defines.svh [0 ms, 61 lines, SystemVerilog_2012] ...
Loading (5) /home/esteban-sega/.vscode/extensions/amiq.dvt-26.1.9-linux-x64/dvt_home/common/predefined_projects/libs/uvm-1.2/src/macros/uvm_message_defines.svh ...
Done /home/esteban-sega/.vscode/extensions/amiq.dvt-26.1.9-linux-x64/dvt_home/common/predefined_projects/libs/uvm-1.2/src/macros/uvm_message_defines.svh [0 ms, 539 lines, SystemVerilog_2012] ...
Loading (6) /home/esteban-sega/.vscode/extensions/amiq.dvt-26.1.9-linux-x64/dvt_home/common/predefined_projects/libs/uvm-1.2/src/macros/uvm_phase_defines.svh ...
Done /home/esteban-sega/.vscode/extensions/amiq.dvt-26.1.9-linux-x64/dvt_home/common/predefined_projects/libs/uvm-1.2/src/macros/uvm_phase_defines.svh [0 ms, 130 lines, SystemVerilog_2012] ...
Loading (7) /home/esteban-sega/.vscode/extensions/amiq.dvt-26.1.9-linux-x64/dvt_home/common/predefined_projects/libs/uvm-1.2/src/macros/uvm_object_defines.svh ...
Done /home/esteban-sega/.vscode/extensions/amiq.dvt-26.1.9-linux-x64/dvt_home/common/predefined_projects/libs/uvm-1.2/src/macros/uvm_object_defines.svh [107 ms, 3815 lines, SystemVerilog_2012] ...
Loading (8) /home/esteban-sega/.vscode/extensions/amiq.dvt-26.1.9-linux-x64/dvt_home/common/predefined_projects/libs/uvm-1.2/src/macros/uvm_printer_defines.svh ...
Done /home/esteban-sega/.vscode/extensions/amiq.dvt-26.1.9-linux-x64/dvt_home/common/predefined_projects/libs/uvm-1.2/src/macros/uvm_printer_defines.svh [0 ms, 423 lines, SystemVerilog_2012] ...
Loading (9) /home/esteban-sega/.vscode/extensions/amiq.dvt-26.1.9-linux-x64/dvt_home/common/predefined_projects/libs/uvm-1.2/src/macros/uvm_tlm_defines.svh ...
Loading (10) /home/esteban-sega/.vscode/extensions/amiq.dvt-26.1.9-linux-x64/dvt_home/common/predefined_projects/libs/uvm-1.2/src/tlm1/uvm_tlm_imps.svh ...
Done /home/esteban-sega/.vscode/extensions/amiq.dvt-26.1.9-linux-x64/dvt_home/common/predefined_projects/libs/uvm-1.2/src/tlm1/uvm_tlm_imps.svh [0 ms, 229 lines, SystemVerilog_2012] ...
Done /home/esteban-sega/.vscode/extensions/amiq.dvt-26.1.9-linux-x64/dvt_home/common/predefined_projects/libs/uvm-1.2/src/macros/uvm_tlm_defines.svh [1 ms, 617 lines, SystemVerilog_2012] ...
Loading (11) /home/esteban-sega/.vscode/extensions/amiq.dvt-26.1.9-linux-x64/dvt_home/common/predefined_projects/libs/uvm-1.2/src/macros/uvm_sequence_defines.svh ...
Done /home/esteban-sega/.vscode/extensions/amiq.dvt-26.1.9-linux-x64/dvt_home/common/predefined_projects/libs/uvm-1.2/src/macros/uvm_sequence_defines.svh [1 ms, 456 lines, SystemVerilog_2012] ...
Loading (12) /home/esteban-sega/.vscode/extensions/amiq.dvt-26.1.9-linux-x64/dvt_home/common/predefined_projects/libs/uvm-1.2/src/macros/uvm_callback_defines.svh ...
Done /home/esteban-sega/.vscode/extensions/amiq.dvt-26.1.9-linux-x64/dvt_home/common/predefined_projects/libs/uvm-1.2/src/macros/uvm_callback_defines.svh [1 ms, 301 lines, SystemVerilog_2012] ...
Loading (13) /home/esteban-sega/.vscode/extensions/amiq.dvt-26.1.9-linux-x64/dvt_home/common/predefined_projects/libs/uvm-1.2/src/macros/uvm_reg_defines.svh ...
Done /home/esteban-sega/.vscode/extensions/amiq.dvt-26.1.9-linux-x64/dvt_home/common/predefined_projects/libs/uvm-1.2/src/macros/uvm_reg_defines.svh [0 ms, 69 lines, SystemVerilog_2012] ...
Loading (14) /home/esteban-sega/.vscode/extensions/amiq.dvt-26.1.9-linux-x64/dvt_home/common/predefined_projects/libs/uvm-1.2/src/macros/uvm_deprecated_defines.svh ...
Done /home/esteban-sega/.vscode/extensions/amiq.dvt-26.1.9-linux-x64/dvt_home/common/predefined_projects/libs/uvm-1.2/src/macros/uvm_deprecated_defines.svh [0 ms, 252 lines, SystemVerilog_2012] ...
Done /home/esteban-sega/.vscode/extensions/amiq.dvt-26.1.9-linux-x64/dvt_home/common/predefined_projects/libs/uvm-1.2/src/uvm_macros.svh [54 ms, 82 lines, SystemVerilog_2012] ...
Loading (15) /home/esteban-sega/.vscode/extensions/amiq.dvt-26.1.9-linux-x64/dvt_home/common/predefined_projects/libs/uvm-1.2/src/dpi/uvm_dpi.svh ...
Loading (16) /home/esteban-sega/.vscode/extensions/amiq.dvt-26.1.9-linux-x64/dvt_home/common/predefined_projects/libs/uvm-1.2/src/dpi/uvm_hdl.svh ...
Done /home/esteban-sega/.vscode/extensions/amiq.dvt-26.1.9-linux-x64/dvt_home/common/predefined_projects/libs/uvm-1.2/src/dpi/uvm_hdl.svh [86 ms, 164 lines, SystemVerilog_2012] ...
Loading (17) /home/esteban-sega/.vscode/extensions/amiq.dvt-26.1.9-linux-x64/dvt_home/common/predefined_projects/libs/uvm-1.2/src/dpi/uvm_svcmd_dpi.svh ...
Done /home/esteban-sega/.vscode/extensions/amiq.dvt-26.1.9-linux-x64/dvt_home/common/predefined_projects/libs/uvm-1.2/src/dpi/uvm_svcmd_dpi.svh [6 ms, 66 lines, SystemVerilog_2012] ...
Loading (18) /home/esteban-sega/.vscode/extensions/amiq.dvt-26.1.9-linux-x64/dvt_home/common/predefined_projects/libs/uvm-1.2/src/dpi/uvm_regex.svh ...
Done /home/esteban-sega/.vscode/extensions/amiq.dvt-26.1.9-linux-x64/dvt_home/common/predefined_projects/libs/uvm-1.2/src/dpi/uvm_regex.svh [1 ms, 89 lines, SystemVerilog_2012] ...
Done /home/esteban-sega/.vscode/extensions/amiq.dvt-26.1.9-linux-x64/dvt_home/common/predefined_projects/libs/uvm-1.2/src/dpi/uvm_dpi.svh [4 ms, 44 lines, SystemVerilog_2012] ...
Loading (19) /home/esteban-sega/.vscode/extensions/amiq.dvt-26.1.9-linux-x64/dvt_home/common/predefined_projects/libs/uvm-1.2/src/base/uvm_base.svh ...
Loading (20) /home/esteban-sega/.vscode/extensions/amiq.dvt-26.1.9-linux-x64/dvt_home/common/predefined_projects/libs/uvm-1.2/src/base/uvm_coreservice.svh ...
Done /home/esteban-sega/.vscode/extensions/amiq.dvt-26.1.9-linux-x64/dvt_home/common/predefined_projects/libs/uvm-1.2/src/base/uvm_coreservice.svh [38 ms, 224 lines, SystemVerilog_2012] ...
Loading (21) /home/esteban-sega/.vscode/extensions/amiq.dvt-26.1.9-linux-x64/dvt_home/common/predefined_projects/libs/uvm-1.2/src/base/uvm_version.svh ...
Done /home/esteban-sega/.vscode/extensions/amiq.dvt-26.1.9-linux-x64/dvt_home/common/predefined_projects/libs/uvm-1.2/src/base/uvm_version.svh [3 ms, 39 lines, SystemVerilog_2012] ...
Loading (22) /home/esteban-sega/.vscode/extensions/amiq.dvt-26.1.9-linux-x64/dvt_home/common/predefined_projects/libs/uvm-1.2/src/base/uvm_object_globals.svh ...
Done /home/esteban-sega/.vscode/extensions/amiq.dvt-26.1.9-linux-x64/dvt_home/common/predefined_projects/libs/uvm-1.2/src/base/uvm_object_globals.svh [43 ms, 658 lines, SystemVerilog_2012] ...
Loading (23) /home/esteban-sega/.vscode/extensions/amiq.dvt-26.1.9-linux-x64/dvt_home/common/predefined_projects/libs/uvm-1.2/src/base/uvm_misc.svh ...
Done /home/esteban-sega/.vscode/extensions/amiq.dvt-26.1.9-linux-x64/dvt_home/common/predefined_projects/libs/uvm-1.2/src/base/uvm_misc.svh [177 ms, 754 lines, SystemVerilog_2012] ...
Loading (24) /home/esteban-sega/.vscode/extensions/amiq.dvt-26.1.9-linux-x64/dvt_home/common/predefined_projects/libs/uvm-1.2/src/base/uvm_object.svh ...
Done /home/esteban-sega/.vscode/extensions/amiq.dvt-26.1.9-linux-x64/dvt_home/common/predefined_projects/libs/uvm-1.2/src/base/uvm_object.svh [115 ms, 1331 lines, SystemVerilog_2012] ...
Loading (25) /home/esteban-sega/.vscode/extensions/amiq.dvt-26.1.9-linux-x64/dvt_home/common/predefined_projects/libs/uvm-1.2/src/base/uvm_pool.svh ...
Done /home/esteban-sega/.vscode/extensions/amiq.dvt-26.1.9-linux-x64/dvt_home/common/predefined_projects/libs/uvm-1.2/src/base/uvm_pool.svh [36 ms, 348 lines, SystemVerilog_2012] ...
Loading (26) /home/esteban-sega/.vscode/extensions/amiq.dvt-26.1.9-linux-x64/dvt_home/common/predefined_projects/libs/uvm-1.2/src/base/uvm_queue.svh ...
Done /home/esteban-sega/.vscode/extensions/amiq.dvt-26.1.9-linux-x64/dvt_home/common/predefined_projects/libs/uvm-1.2/src/base/uvm_queue.svh [19 ms, 204 lines, SystemVerilog_2012] ...
Loading (27) /home/esteban-sega/.vscode/extensions/amiq.dvt-26.1.9-linux-x64/dvt_home/common/predefined_projects/libs/uvm-1.2/src/base/uvm_factory.svh ...
Done /home/esteban-sega/.vscode/extensions/amiq.dvt-26.1.9-linux-x64/dvt_home/common/predefined_projects/libs/uvm-1.2/src/base/uvm_factory.svh [127 ms, 1790 lines, SystemVerilog_2012] ...
Loading (28) /home/esteban-sega/.vscode/extensions/amiq.dvt-26.1.9-linux-x64/dvt_home/common/predefined_projects/libs/uvm-1.2/src/base/uvm_registry.svh ...
Done /home/esteban-sega/.vscode/extensions/amiq.dvt-26.1.9-linux-x64/dvt_home/common/predefined_projects/libs/uvm-1.2/src/base/uvm_registry.svh [23 ms, 381 lines, SystemVerilog_2012] ...
Loading (29) /home/esteban-sega/.vscode/extensions/amiq.dvt-26.1.9-linux-x64/dvt_home/common/predefined_projects/libs/uvm-1.2/src/base/uvm_spell_chkr.svh ...
Done /home/esteban-sega/.vscode/extensions/amiq.dvt-26.1.9-linux-x64/dvt_home/common/predefined_projects/libs/uvm-1.2/src/base/uvm_spell_chkr.svh [20 ms, 204 lines, SystemVerilog_2012] ...
Loading (30) /home/esteban-sega/.vscode/extensions/amiq.dvt-26.1.9-linux-x64/dvt_home/common/predefined_projects/libs/uvm-1.2/src/base/uvm_resource.svh ...
Done /home/esteban-sega/.vscode/extensions/amiq.dvt-26.1.9-linux-x64/dvt_home/common/predefined_projects/libs/uvm-1.2/src/base/uvm_resource.svh [67 ms, 1695 lines, SystemVerilog_2012] ...
Loading (31) /home/esteban-sega/.vscode/extensions/amiq.dvt-26.1.9-linux-x64/dvt_home/common/predefined_projects/libs/uvm-1.2/src/base/uvm_resource_specializations.svh ...
Done /home/esteban-sega/.vscode/extensions/amiq.dvt-26.1.9-linux-x64/dvt_home/common/predefined_projects/libs/uvm-1.2/src/base/uvm_resource_specializations.svh [36 ms, 171 lines, SystemVerilog_2012] ...
Loading (32) /home/esteban-sega/.vscode/extensions/amiq.dvt-26.1.9-linux-x64/dvt_home/common/predefined_projects/libs/uvm-1.2/src/base/uvm_resource_db.svh ...
Done /home/esteban-sega/.vscode/extensions/amiq.dvt-26.1.9-linux-x64/dvt_home/common/predefined_projects/libs/uvm-1.2/src/base/uvm_resource_db.svh [27 ms, 400 lines, SystemVerilog_2012] ...
Loading (33) /home/esteban-sega/.vscode/extensions/amiq.dvt-26.1.9-linux-x64/dvt_home/common/predefined_projects/libs/uvm-1.2/src/base/uvm_config_db.svh ...
Done /home/esteban-sega/.vscode/extensions/amiq.dvt-26.1.9-linux-x64/dvt_home/common/predefined_projects/libs/uvm-1.2/src/base/uvm_config_db.svh [22 ms, 411 lines, SystemVerilog_2012] ...
Loading (34) /home/esteban-sega/.vscode/extensions/amiq.dvt-26.1.9-linux-x64/dvt_home/common/predefined_projects/libs/uvm-1.2/src/base/uvm_printer.svh ...
Done /home/esteban-sega/.vscode/extensions/amiq.dvt-26.1.9-linux-x64/dvt_home/common/predefined_projects/libs/uvm-1.2/src/base/uvm_printer.svh [75 ms, 1232 lines, SystemVerilog_2012] ...
Loading (35) /home/esteban-sega/.vscode/extensions/amiq.dvt-26.1.9-linux-x64/dvt_home/common/predefined_projects/libs/uvm-1.2/src/base/uvm_comparer.svh ...
Done /home/esteban-sega/.vscode/extensions/amiq.dvt-26.1.9-linux-x64/dvt_home/common/predefined_projects/libs/uvm-1.2/src/base/uvm_comparer.svh [26 ms, 423 lines, SystemVerilog_2012] ...
Loading (36) /home/esteban-sega/.vscode/extensions/amiq.dvt-26.1.9-linux-x64/dvt_home/common/predefined_projects/libs/uvm-1.2/src/base/uvm_packer.svh ...
Done /home/esteban-sega/.vscode/extensions/amiq.dvt-26.1.9-linux-x64/dvt_home/common/predefined_projects/libs/uvm-1.2/src/base/uvm_packer.svh [76 ms, 1038 lines, SystemVerilog_2012] ...
Loading (37) /home/esteban-sega/.vscode/extensions/amiq.dvt-26.1.9-linux-x64/dvt_home/common/predefined_projects/libs/uvm-1.2/src/base/uvm_links.svh ...
Done /home/esteban-sega/.vscode/extensions/amiq.dvt-26.1.9-linux-x64/dvt_home/common/predefined_projects/libs/uvm-1.2/src/base/uvm_links.svh [21 ms, 371 lines, SystemVerilog_2012] ...
Loading (38) /home/esteban-sega/.vscode/extensions/amiq.dvt-26.1.9-linux-x64/dvt_home/common/predefined_projects/libs/uvm-1.2/src/base/uvm_tr_database.svh ...
Done /home/esteban-sega/.vscode/extensions/amiq.dvt-26.1.9-linux-x64/dvt_home/common/predefined_projects/libs/uvm-1.2/src/base/uvm_tr_database.svh [19 ms, 433 lines, SystemVerilog_2012] ...
Loading (39) /home/esteban-sega/.vscode/extensions/amiq.dvt-26.1.9-linux-x64/dvt_home/common/predefined_projects/libs/uvm-1.2/src/base/uvm_tr_stream.svh ...
Done /home/esteban-sega/.vscode/extensions/amiq.dvt-26.1.9-linux-x64/dvt_home/common/predefined_projects/libs/uvm-1.2/src/base/uvm_tr_stream.svh [26 ms, 592 lines, SystemVerilog_2012] ...
Loading (40) /home/esteban-sega/.vscode/extensions/amiq.dvt-26.1.9-linux-x64/dvt_home/common/predefined_projects/libs/uvm-1.2/src/base/uvm_recorder.svh ...
Done /home/esteban-sega/.vscode/extensions/amiq.dvt-26.1.9-linux-x64/dvt_home/common/predefined_projects/libs/uvm-1.2/src/base/uvm_recorder.svh [39 ms, 1141 lines, SystemVerilog_2012] ...
Loading (41) /home/esteban-sega/.vscode/extensions/amiq.dvt-26.1.9-linux-x64/dvt_home/common/predefined_projects/libs/uvm-1.2/src/base/uvm_event_callback.svh ...
Done /home/esteban-sega/.vscode/extensions/amiq.dvt-26.1.9-linux-x64/dvt_home/common/predefined_projects/libs/uvm-1.2/src/base/uvm_event_callback.svh [2 ms, 91 lines, SystemVerilog_2012] ...
Loading (42) /home/esteban-sega/.vscode/extensions/amiq.dvt-26.1.9-linux-x64/dvt_home/common/predefined_projects/libs/uvm-1.2/src/base/uvm_event.svh ...
Done /home/esteban-sega/.vscode/extensions/amiq.dvt-26.1.9-linux-x64/dvt_home/common/predefined_projects/libs/uvm-1.2/src/base/uvm_event.svh [17 ms, 395 lines, SystemVerilog_2012] ...
Loading (43) /home/esteban-sega/.vscode/extensions/amiq.dvt-26.1.9-linux-x64/dvt_home/common/predefined_projects/libs/uvm-1.2/src/base/uvm_barrier.svh ...
Done /home/esteban-sega/.vscode/extensions/amiq.dvt-26.1.9-linux-x64/dvt_home/common/predefined_projects/libs/uvm-1.2/src/base/uvm_barrier.svh [10 ms, 210 lines, SystemVerilog_2012] ...
Loading (44) /home/esteban-sega/.vscode/extensions/amiq.dvt-26.1.9-linux-x64/dvt_home/common/predefined_projects/libs/uvm-1.2/src/base/uvm_callback.svh ...
Loading (45) /home/esteban-sega/.vscode/extensions/amiq.dvt-26.1.9-linux-x64/dvt_home/common/predefined_projects/libs/uvm-1.2/src/uvm_macros.svh ...
Done /home/esteban-sega/.vscode/extensions/amiq.dvt-26.1.9-linux-x64/dvt_home/common/predefined_projects/libs/uvm-1.2/src/uvm_macros.svh [0 ms, 82 lines, SystemVerilog_2012] ...
Done /home/esteban-sega/.vscode/extensions/amiq.dvt-26.1.9-linux-x64/dvt_home/common/predefined_projects/libs/uvm-1.2/src/base/uvm_callback.svh [95 ms, 1199 lines, SystemVerilog_2012] ...
Loading (46) /home/esteban-sega/.vscode/extensions/amiq.dvt-26.1.9-linux-x64/dvt_home/common/predefined_projects/libs/uvm-1.2/src/base/uvm_report_message.svh ...
Done /home/esteban-sega/.vscode/extensions/amiq.dvt-26.1.9-linux-x64/dvt_home/common/predefined_projects/libs/uvm-1.2/src/base/uvm_report_message.svh [55 ms, 940 lines, SystemVerilog_2012] ...
Loading (47) /home/esteban-sega/.vscode/extensions/amiq.dvt-26.1.9-linux-x64/dvt_home/common/predefined_projects/libs/uvm-1.2/src/base/uvm_report_catcher.svh ...
Done /home/esteban-sega/.vscode/extensions/amiq.dvt-26.1.9-linux-x64/dvt_home/common/predefined_projects/libs/uvm-1.2/src/base/uvm_report_catcher.svh [38 ms, 713 lines, SystemVerilog_2012] ...
Loading (48) /home/esteban-sega/.vscode/extensions/amiq.dvt-26.1.9-linux-x64/dvt_home/common/predefined_projects/libs/uvm-1.2/src/base/uvm_report_server.svh ...
Done /home/esteban-sega/.vscode/extensions/amiq.dvt-26.1.9-linux-x64/dvt_home/common/predefined_projects/libs/uvm-1.2/src/base/uvm_report_server.svh [52 ms, 923 lines, SystemVerilog_2012] ...
Loading (49) /home/esteban-sega/.vscode/extensions/amiq.dvt-26.1.9-linux-x64/dvt_home/common/predefined_projects/libs/uvm-1.2/src/base/uvm_report_handler.svh ...
Done /home/esteban-sega/.vscode/extensions/amiq.dvt-26.1.9-linux-x64/dvt_home/common/predefined_projects/libs/uvm-1.2/src/base/uvm_report_handler.svh [68 ms, 801 lines, SystemVerilog_2012] ...
Loading (50) /home/esteban-sega/.vscode/extensions/amiq.dvt-26.1.9-linux-x64/dvt_home/common/predefined_projects/libs/uvm-1.2/src/base/uvm_report_object.svh ...
Done /home/esteban-sega/.vscode/extensions/amiq.dvt-26.1.9-linux-x64/dvt_home/common/predefined_projects/libs/uvm-1.2/src/base/uvm_report_object.svh [24 ms, 660 lines, SystemVerilog_2012] ...
Loading (51) /home/esteban-sega/.vscode/extensions/amiq.dvt-26.1.9-linux-x64/dvt_home/common/predefined_projects/libs/uvm-1.2/src/base/uvm_transaction.svh ...
Done /home/esteban-sega/.vscode/extensions/amiq.dvt-26.1.9-linux-x64/dvt_home/common/predefined_projects/libs/uvm-1.2/src/base/uvm_transaction.svh [19 ms, 781 lines, SystemVerilog_2012] ...
Loading (52) /home/esteban-sega/.vscode/extensions/amiq.dvt-26.1.9-linux-x64/dvt_home/common/predefined_projects/libs/uvm-1.2/src/base/uvm_phase.svh ...
Done /home/esteban-sega/.vscode/extensions/amiq.dvt-26.1.9-linux-x64/dvt_home/common/predefined_projects/libs/uvm-1.2/src/base/uvm_phase.svh [162 ms, 2254 lines, SystemVerilog_2012] ...
Loading (53) /home/esteban-sega/.vscode/extensions/amiq.dvt-26.1.9-linux-x64/dvt_home/common/predefined_projects/libs/uvm-1.2/src/base/uvm_domain.svh ...
Done /home/esteban-sega/.vscode/extensions/amiq.dvt-26.1.9-linux-x64/dvt_home/common/predefined_projects/libs/uvm-1.2/src/base/uvm_domain.svh [17 ms, 219 lines, SystemVerilog_2012] ...
Loading (54) /home/esteban-sega/.vscode/extensions/amiq.dvt-26.1.9-linux-x64/dvt_home/common/predefined_projects/libs/uvm-1.2/src/base/uvm_bottomup_phase.svh ...
Done /home/esteban-sega/.vscode/extensions/amiq.dvt-26.1.9-linux-x64/dvt_home/common/predefined_projects/libs/uvm-1.2/src/base/uvm_bottomup_phase.svh [7 ms, 113 lines, SystemVerilog_2012] ...
Loading (55) /home/esteban-sega/.vscode/extensions/amiq.dvt-26.1.9-linux-x64/dvt_home/common/predefined_projects/libs/uvm-1.2/src/base/uvm_topdown_phase.svh ...
Done /home/esteban-sega/.vscode/extensions/amiq.dvt-26.1.9-linux-x64/dvt_home/common/predefined_projects/libs/uvm-1.2/src/base/uvm_topdown_phase.svh [7 ms, 115 lines, SystemVerilog_2012] ...
Loading (56) /home/esteban-sega/.vscode/extensions/amiq.dvt-26.1.9-linux-x64/dvt_home/common/predefined_projects/libs/uvm-1.2/src/base/uvm_task_phase.svh ...
Done /home/esteban-sega/.vscode/extensions/amiq.dvt-26.1.9-linux-x64/dvt_home/common/predefined_projects/libs/uvm-1.2/src/base/uvm_task_phase.svh [8 ms, 162 lines, SystemVerilog_2012] ...
Loading (57) /home/esteban-sega/.vscode/extensions/amiq.dvt-26.1.9-linux-x64/dvt_home/common/predefined_projects/libs/uvm-1.2/src/base/uvm_common_phases.svh ...
Done /home/esteban-sega/.vscode/extensions/amiq.dvt-26.1.9-linux-x64/dvt_home/common/predefined_projects/libs/uvm-1.2/src/base/uvm_common_phases.svh [18 ms, 452 lines, SystemVerilog_2012] ...
Loading (58) /home/esteban-sega/.vscode/extensions/amiq.dvt-26.1.9-linux-x64/dvt_home/common/predefined_projects/libs/uvm-1.2/src/base/uvm_runtime_phases.svh ...
Done /home/esteban-sega/.vscode/extensions/amiq.dvt-26.1.9-linux-x64/dvt_home/common/predefined_projects/libs/uvm-1.2/src/base/uvm_runtime_phases.svh [24 ms, 556 lines, SystemVerilog_2012] ...
Loading (59) /home/esteban-sega/.vscode/extensions/amiq.dvt-26.1.9-linux-x64/dvt_home/common/predefined_projects/libs/uvm-1.2/src/base/uvm_component.svh ...
Loading (60) /home/esteban-sega/.vscode/extensions/amiq.dvt-26.1.9-linux-x64/dvt_home/common/predefined_projects/libs/uvm-1.2/src/base/uvm_root.svh ...
Done /home/esteban-sega/.vscode/extensions/amiq.dvt-26.1.9-linux-x64/dvt_home/common/predefined_projects/libs/uvm-1.2/src/base/uvm_root.svh [81 ms, 1073 lines, SystemVerilog_2012] ...
Done /home/esteban-sega/.vscode/extensions/amiq.dvt-26.1.9-linux-x64/dvt_home/common/predefined_projects/libs/uvm-1.2/src/base/uvm_component.svh [150 ms, 3639 lines, SystemVerilog_2012] ...
Loading (61) /home/esteban-sega/.vscode/extensions/amiq.dvt-26.1.9-linux-x64/dvt_home/common/predefined_projects/libs/uvm-1.2/src/base/uvm_objection.svh ...
Done /home/esteban-sega/.vscode/extensions/amiq.dvt-26.1.9-linux-x64/dvt_home/common/predefined_projects/libs/uvm-1.2/src/base/uvm_objection.svh [76 ms, 1454 lines, SystemVerilog_2012] ...
Loading (62) /home/esteban-sega/.vscode/extensions/amiq.dvt-26.1.9-linux-x64/dvt_home/common/predefined_projects/libs/uvm-1.2/src/base/uvm_heartbeat.svh ...
Done /home/esteban-sega/.vscode/extensions/amiq.dvt-26.1.9-linux-x64/dvt_home/common/predefined_projects/libs/uvm-1.2/src/base/uvm_heartbeat.svh [18 ms, 342 lines, SystemVerilog_2012] ...
Loading (63) /home/esteban-sega/.vscode/extensions/amiq.dvt-26.1.9-linux-x64/dvt_home/common/predefined_projects/libs/uvm-1.2/src/base/uvm_globals.svh ...
Done /home/esteban-sega/.vscode/extensions/amiq.dvt-26.1.9-linux-x64/dvt_home/common/predefined_projects/libs/uvm-1.2/src/base/uvm_globals.svh [26 ms, 565 lines, SystemVerilog_2012] ...
Loading (64) /home/esteban-sega/.vscode/extensions/amiq.dvt-26.1.9-linux-x64/dvt_home/common/predefined_projects/libs/uvm-1.2/src/base/uvm_cmdline_processor.svh ...
Done /home/esteban-sega/.vscode/extensions/amiq.dvt-26.1.9-linux-x64/dvt_home/common/predefined_projects/libs/uvm-1.2/src/base/uvm_cmdline_processor.svh [12 ms, 462 lines, SystemVerilog_2012] ...
Loading (65) /home/esteban-sega/.vscode/extensions/amiq.dvt-26.1.9-linux-x64/dvt_home/common/predefined_projects/libs/uvm-1.2/src/base/uvm_traversal.svh ...
Done /home/esteban-sega/.vscode/extensions/amiq.dvt-26.1.9-linux-x64/dvt_home/common/predefined_projects/libs/uvm-1.2/src/base/uvm_traversal.svh [20 ms, 289 lines, SystemVerilog_2012] ...
Done /home/esteban-sega/.vscode/extensions/amiq.dvt-26.1.9-linux-x64/dvt_home/common/predefined_projects/libs/uvm-1.2/src/base/uvm_base.svh [29 ms, 113 lines, SystemVerilog_2012] ...
Loading (66) /home/esteban-sega/.vscode/extensions/amiq.dvt-26.1.9-linux-x64/dvt_home/common/predefined_projects/libs/uvm-1.2/src/dap/uvm_dap.svh ...
Loading (67) /home/esteban-sega/.vscode/extensions/amiq.dvt-26.1.9-linux-x64/dvt_home/common/predefined_projects/libs/uvm-1.2/src/dap/uvm_set_get_dap_base.svh ...
Done /home/esteban-sega/.vscode/extensions/amiq.dvt-26.1.9-linux-x64/dvt_home/common/predefined_projects/libs/uvm-1.2/src/dap/uvm_set_get_dap_base.svh [2 ms, 84 lines, SystemVerilog_2012] ...
Loading (68) /home/esteban-sega/.vscode/extensions/amiq.dvt-26.1.9-linux-x64/dvt_home/common/predefined_projects/libs/uvm-1.2/src/dap/uvm_simple_lock_dap.svh ...
Done /home/esteban-sega/.vscode/extensions/amiq.dvt-26.1.9-linux-x64/dvt_home/common/predefined_projects/libs/uvm-1.2/src/dap/uvm_simple_lock_dap.svh [13 ms, 179 lines, SystemVerilog_2012] ...
Loading (69) /home/esteban-sega/.vscode/extensions/amiq.dvt-26.1.9-linux-x64/dvt_home/common/predefined_projects/libs/uvm-1.2/src/dap/uvm_get_to_lock_dap.svh ...
Done /home/esteban-sega/.vscode/extensions/amiq.dvt-26.1.9-linux-x64/dvt_home/common/predefined_projects/libs/uvm-1.2/src/dap/uvm_get_to_lock_dap.svh [12 ms, 155 lines, SystemVerilog_2012] ...
Loading (70) /home/esteban-sega/.vscode/extensions/amiq.dvt-26.1.9-linux-x64/dvt_home/common/predefined_projects/libs/uvm-1.2/src/dap/uvm_set_before_get_dap.svh ...
Done /home/esteban-sega/.vscode/extensions/amiq.dvt-26.1.9-linux-x64/dvt_home/common/predefined_projects/libs/uvm-1.2/src/dap/uvm_set_before_get_dap.svh [15 ms, 185 lines, SystemVerilog_2012] ...
Done /home/esteban-sega/.vscode/extensions/amiq.dvt-26.1.9-linux-x64/dvt_home/common/predefined_projects/libs/uvm-1.2/src/dap/uvm_dap.svh [2 ms, 35 lines, SystemVerilog_2012] ...
Loading (71) /home/esteban-sega/.vscode/extensions/amiq.dvt-26.1.9-linux-x64/dvt_home/common/predefined_projects/libs/uvm-1.2/src/tlm1/uvm_tlm.svh ...
Loading (72) /home/esteban-sega/.vscode/extensions/amiq.dvt-26.1.9-linux-x64/dvt_home/common/predefined_projects/libs/uvm-1.2/src/tlm1/uvm_tlm_ifs.svh ...
Done /home/esteban-sega/.vscode/extensions/amiq.dvt-26.1.9-linux-x64/dvt_home/common/predefined_projects/libs/uvm-1.2/src/tlm1/uvm_tlm_ifs.svh [7 ms, 219 lines, SystemVerilog_2012] ...
Loading (73) /home/esteban-sega/.vscode/extensions/amiq.dvt-26.1.9-linux-x64/dvt_home/common/predefined_projects/libs/uvm-1.2/src/tlm1/uvm_sqr_ifs.svh ...
Done /home/esteban-sega/.vscode/extensions/amiq.dvt-26.1.9-linux-x64/dvt_home/common/predefined_projects/libs/uvm-1.2/src/tlm1/uvm_sqr_ifs.svh [7 ms, 253 lines, SystemVerilog_2012] ...
Loading (74) /home/esteban-sega/.vscode/extensions/amiq.dvt-26.1.9-linux-x64/dvt_home/common/predefined_projects/libs/uvm-1.2/src/base/uvm_port_base.svh ...
Done /home/esteban-sega/.vscode/extensions/amiq.dvt-26.1.9-linux-x64/dvt_home/common/predefined_projects/libs/uvm-1.2/src/base/uvm_port_base.svh [29 ms, 793 lines, SystemVerilog_2012] ...
Loading (75) /home/esteban-sega/.vscode/extensions/amiq.dvt-26.1.9-linux-x64/dvt_home/common/predefined_projects/libs/uvm-1.2/src/tlm1/uvm_tlm_imps.svh ...
Done /home/esteban-sega/.vscode/extensions/amiq.dvt-26.1.9-linux-x64/dvt_home/common/predefined_projects/libs/uvm-1.2/src/tlm1/uvm_tlm_imps.svh [0 ms, 229 lines, SystemVerilog_2012] ...
Loading (76) /home/esteban-sega/.vscode/extensions/amiq.dvt-26.1.9-linux-x64/dvt_home/common/predefined_projects/libs/uvm-1.2/src/tlm1/uvm_imps.svh ...
Done /home/esteban-sega/.vscode/extensions/amiq.dvt-26.1.9-linux-x64/dvt_home/common/predefined_projects/libs/uvm-1.2/src/tlm1/uvm_imps.svh [48 ms, 317 lines, SystemVerilog_2012] ...
Loading (77) /home/esteban-sega/.vscode/extensions/amiq.dvt-26.1.9-linux-x64/dvt_home/common/predefined_projects/libs/uvm-1.2/src/tlm1/uvm_ports.svh ...
Done /home/esteban-sega/.vscode/extensions/amiq.dvt-26.1.9-linux-x64/dvt_home/common/predefined_projects/libs/uvm-1.2/src/tlm1/uvm_ports.svh [45 ms, 263 lines, SystemVerilog_2012] ...
Loading (78) /home/esteban-sega/.vscode/extensions/amiq.dvt-26.1.9-linux-x64/dvt_home/common/predefined_projects/libs/uvm-1.2/src/tlm1/uvm_exports.svh ...
Done /home/esteban-sega/.vscode/extensions/amiq.dvt-26.1.9-linux-x64/dvt_home/common/predefined_projects/libs/uvm-1.2/src/tlm1/uvm_exports.svh [48 ms, 260 lines, SystemVerilog_2012] ...
Loading (79) /home/esteban-sega/.vscode/extensions/amiq.dvt-26.1.9-linux-x64/dvt_home/common/predefined_projects/libs/uvm-1.2/src/tlm1/uvm_analysis_port.svh ...
Done /home/esteban-sega/.vscode/extensions/amiq.dvt-26.1.9-linux-x64/dvt_home/common/predefined_projects/libs/uvm-1.2/src/tlm1/uvm_analysis_port.svh [7 ms, 156 lines, SystemVerilog_2012] ...
Loading (80) /home/esteban-sega/.vscode/extensions/amiq.dvt-26.1.9-linux-x64/dvt_home/common/predefined_projects/libs/uvm-1.2/src/tlm1/uvm_tlm_fifo_base.svh ...
Done /home/esteban-sega/.vscode/extensions/amiq.dvt-26.1.9-linux-x64/dvt_home/common/predefined_projects/libs/uvm-1.2/src/tlm1/uvm_tlm_fifo_base.svh [11 ms, 253 lines, SystemVerilog_2012] ...
Loading (81) /home/esteban-sega/.vscode/extensions/amiq.dvt-26.1.9-linux-x64/dvt_home/common/predefined_projects/libs/uvm-1.2/src/tlm1/uvm_tlm_fifos.svh ...
Done /home/esteban-sega/.vscode/extensions/amiq.dvt-26.1.9-linux-x64/dvt_home/common/predefined_projects/libs/uvm-1.2/src/tlm1/uvm_tlm_fifos.svh [8 ms, 239 lines, SystemVerilog_2012] ...
Loading (82) /home/esteban-sega/.vscode/extensions/amiq.dvt-26.1.9-linux-x64/dvt_home/common/predefined_projects/libs/uvm-1.2/src/tlm1/uvm_tlm_req_rsp.svh ...
Done /home/esteban-sega/.vscode/extensions/amiq.dvt-26.1.9-linux-x64/dvt_home/common/predefined_projects/libs/uvm-1.2/src/tlm1/uvm_tlm_req_rsp.svh [9 ms, 349 lines, SystemVerilog_2012] ...
Loading (83) /home/esteban-sega/.vscode/extensions/amiq.dvt-26.1.9-linux-x64/dvt_home/common/predefined_projects/libs/uvm-1.2/src/tlm1/uvm_sqr_connections.svh ...
Done /home/esteban-sega/.vscode/extensions/amiq.dvt-26.1.9-linux-x64/dvt_home/common/predefined_projects/libs/uvm-1.2/src/tlm1/uvm_sqr_connections.svh [13 ms, 84 lines, SystemVerilog_2012] ...
Done /home/esteban-sega/.vscode/extensions/amiq.dvt-26.1.9-linux-x64/dvt_home/common/predefined_projects/libs/uvm-1.2/src/tlm1/uvm_tlm.svh [7 ms, 40 lines, SystemVerilog_2012] ...
Loading (84) /home/esteban-sega/.vscode/extensions/amiq.dvt-26.1.9-linux-x64/dvt_home/common/predefined_projects/libs/uvm-1.2/src/comps/uvm_comps.svh ...
Loading (85) /home/esteban-sega/.vscode/extensions/amiq.dvt-26.1.9-linux-x64/dvt_home/common/predefined_projects/libs/uvm-1.2/src/comps/uvm_pair.svh ...
Done /home/esteban-sega/.vscode/extensions/amiq.dvt-26.1.9-linux-x64/dvt_home/common/predefined_projects/libs/uvm-1.2/src/comps/uvm_pair.svh [12 ms, 171 lines, SystemVerilog_2012] ...
Loading (86) /home/esteban-sega/.vscode/extensions/amiq.dvt-26.1.9-linux-x64/dvt_home/common/predefined_projects/libs/uvm-1.2/src/comps/uvm_policies.svh ...
Done /home/esteban-sega/.vscode/extensions/amiq.dvt-26.1.9-linux-x64/dvt_home/common/predefined_projects/libs/uvm-1.2/src/comps/uvm_policies.svh [4 ms, 142 lines, SystemVerilog_2012] ...
Loading (87) /home/esteban-sega/.vscode/extensions/amiq.dvt-26.1.9-linux-x64/dvt_home/common/predefined_projects/libs/uvm-1.2/src/comps/uvm_in_order_comparator.svh ...
Done /home/esteban-sega/.vscode/extensions/amiq.dvt-26.1.9-linux-x64/dvt_home/common/predefined_projects/libs/uvm-1.2/src/comps/uvm_in_order_comparator.svh [9 ms, 260 lines, SystemVerilog_2012] ...
Loading (88) /home/esteban-sega/.vscode/extensions/amiq.dvt-26.1.9-linux-x64/dvt_home/common/predefined_projects/libs/uvm-1.2/src/comps/uvm_algorithmic_comparator.svh ...
Done /home/esteban-sega/.vscode/extensions/amiq.dvt-26.1.9-linux-x64/dvt_home/common/predefined_projects/libs/uvm-1.2/src/comps/uvm_algorithmic_comparator.svh [3 ms, 135 lines, SystemVerilog_2012] ...
Loading (89) /home/esteban-sega/.vscode/extensions/amiq.dvt-26.1.9-linux-x64/dvt_home/common/predefined_projects/libs/uvm-1.2/src/comps/uvm_random_stimulus.svh ...
Done /home/esteban-sega/.vscode/extensions/amiq.dvt-26.1.9-linux-x64/dvt_home/common/predefined_projects/libs/uvm-1.2/src/comps/uvm_random_stimulus.svh [10 ms, 132 lines, SystemVerilog_2012] ...
Loading (90) /home/esteban-sega/.vscode/extensions/amiq.dvt-26.1.9-linux-x64/dvt_home/common/predefined_projects/libs/uvm-1.2/src/comps/uvm_subscriber.svh ...
Done /home/esteban-sega/.vscode/extensions/amiq.dvt-26.1.9-linux-x64/dvt_home/common/predefined_projects/libs/uvm-1.2/src/comps/uvm_subscriber.svh [2 ms, 68 lines, SystemVerilog_2012] ...
Loading (91) /home/esteban-sega/.vscode/extensions/amiq.dvt-26.1.9-linux-x64/dvt_home/common/predefined_projects/libs/uvm-1.2/src/comps/uvm_monitor.svh ...
Done /home/esteban-sega/.vscode/extensions/amiq.dvt-26.1.9-linux-x64/dvt_home/common/predefined_projects/libs/uvm-1.2/src/comps/uvm_monitor.svh [2 ms, 54 lines, SystemVerilog_2012] ...
Loading (92) /home/esteban-sega/.vscode/extensions/amiq.dvt-26.1.9-linux-x64/dvt_home/common/predefined_projects/libs/uvm-1.2/src/comps/uvm_driver.svh ...
Done /home/esteban-sega/.vscode/extensions/amiq.dvt-26.1.9-linux-x64/dvt_home/common/predefined_projects/libs/uvm-1.2/src/comps/uvm_driver.svh [2 ms, 89 lines, SystemVerilog_2012] ...
Loading (93) /home/esteban-sega/.vscode/extensions/amiq.dvt-26.1.9-linux-x64/dvt_home/common/predefined_projects/libs/uvm-1.2/src/comps/uvm_push_driver.svh ...
Done /home/esteban-sega/.vscode/extensions/amiq.dvt-26.1.9-linux-x64/dvt_home/common/predefined_projects/libs/uvm-1.2/src/comps/uvm_push_driver.svh [3 ms, 97 lines, SystemVerilog_2012] ...
Loading (94) /home/esteban-sega/.vscode/extensions/amiq.dvt-26.1.9-linux-x64/dvt_home/common/predefined_projects/libs/uvm-1.2/src/comps/uvm_scoreboard.svh ...
Done /home/esteban-sega/.vscode/extensions/amiq.dvt-26.1.9-linux-x64/dvt_home/common/predefined_projects/libs/uvm-1.2/src/comps/uvm_scoreboard.svh [1 ms, 56 lines, SystemVerilog_2012] ...
Loading (95) /home/esteban-sega/.vscode/extensions/amiq.dvt-26.1.9-linux-x64/dvt_home/common/predefined_projects/libs/uvm-1.2/src/comps/uvm_agent.svh ...
Done /home/esteban-sega/.vscode/extensions/amiq.dvt-26.1.9-linux-x64/dvt_home/common/predefined_projects/libs/uvm-1.2/src/comps/uvm_agent.svh [7 ms, 136 lines, SystemVerilog_2012] ...
Loading (96) /home/esteban-sega/.vscode/extensions/amiq.dvt-26.1.9-linux-x64/dvt_home/common/predefined_projects/libs/uvm-1.2/src/comps/uvm_env.svh ...
Done /home/esteban-sega/.vscode/extensions/amiq.dvt-26.1.9-linux-x64/dvt_home/common/predefined_projects/libs/uvm-1.2/src/comps/uvm_env.svh [2 ms, 54 lines, SystemVerilog_2012] ...
Loading (97) /home/esteban-sega/.vscode/extensions/amiq.dvt-26.1.9-linux-x64/dvt_home/common/predefined_projects/libs/uvm-1.2/src/comps/uvm_test.svh ...
Done /home/esteban-sega/.vscode/extensions/amiq.dvt-26.1.9-linux-x64/dvt_home/common/predefined_projects/libs/uvm-1.2/src/comps/uvm_test.svh [2 ms, 82 lines, SystemVerilog_2012] ...
Done /home/esteban-sega/.vscode/extensions/amiq.dvt-26.1.9-linux-x64/dvt_home/common/predefined_projects/libs/uvm-1.2/src/comps/uvm_comps.svh [8 ms, 37 lines, SystemVerilog_2012] ...
Loading (98) /home/esteban-sega/.vscode/extensions/amiq.dvt-26.1.9-linux-x64/dvt_home/common/predefined_projects/libs/uvm-1.2/src/seq/uvm_seq.svh ...
Loading (99) /home/esteban-sega/.vscode/extensions/amiq.dvt-26.1.9-linux-x64/dvt_home/common/predefined_projects/libs/uvm-1.2/src/seq/uvm_sequence_item.svh ...
Done /home/esteban-sega/.vscode/extensions/amiq.dvt-26.1.9-linux-x64/dvt_home/common/predefined_projects/libs/uvm-1.2/src/seq/uvm_sequence_item.svh [20 ms, 498 lines, SystemVerilog_2012] ...
Loading (100) /home/esteban-sega/.vscode/extensions/amiq.dvt-26.1.9-linux-x64/dvt_home/common/predefined_projects/libs/uvm-1.2/src/seq/uvm_sequencer_base.svh ...
Done /home/esteban-sega/.vscode/extensions/amiq.dvt-26.1.9-linux-x64/dvt_home/common/predefined_projects/libs/uvm-1.2/src/seq/uvm_sequencer_base.svh [85 ms, 1775 lines, SystemVerilog_2012] ...
Loading (101) /home/esteban-sega/.vscode/extensions/amiq.dvt-26.1.9-linux-x64/dvt_home/common/predefined_projects/libs/uvm-1.2/src/seq/uvm_sequencer_analysis_fifo.svh ...
Done /home/esteban-sega/.vscode/extensions/amiq.dvt-26.1.9-linux-x64/dvt_home/common/predefined_projects/libs/uvm-1.2/src/seq/uvm_sequencer_analysis_fifo.svh [3 ms, 39 lines, SystemVerilog_2012] ...
Loading (102) /home/esteban-sega/.vscode/extensions/amiq.dvt-26.1.9-linux-x64/dvt_home/common/predefined_projects/libs/uvm-1.2/src/seq/uvm_sequencer_param_base.svh ...
Done /home/esteban-sega/.vscode/extensions/amiq.dvt-26.1.9-linux-x64/dvt_home/common/predefined_projects/libs/uvm-1.2/src/seq/uvm_sequencer_param_base.svh [17 ms, 460 lines, SystemVerilog_2012] ...
Loading (103) /home/esteban-sega/.vscode/extensions/amiq.dvt-26.1.9-linux-x64/dvt_home/common/predefined_projects/libs/uvm-1.2/src/seq/uvm_sequencer.svh ...
Done /home/esteban-sega/.vscode/extensions/amiq.dvt-26.1.9-linux-x64/dvt_home/common/predefined_projects/libs/uvm-1.2/src/seq/uvm_sequencer.svh [11 ms, 347 lines, SystemVerilog_2012] ...
Loading (104) /home/esteban-sega/.vscode/extensions/amiq.dvt-26.1.9-linux-x64/dvt_home/common/predefined_projects/libs/uvm-1.2/src/seq/uvm_push_sequencer.svh ...
Done /home/esteban-sega/.vscode/extensions/amiq.dvt-26.1.9-linux-x64/dvt_home/common/predefined_projects/libs/uvm-1.2/src/seq/uvm_push_sequencer.svh [3 ms, 85 lines, SystemVerilog_2012] ...
Loading (105) /home/esteban-sega/.vscode/extensions/amiq.dvt-26.1.9-linux-x64/dvt_home/common/predefined_projects/libs/uvm-1.2/src/seq/uvm_sequence_base.svh ...
Done /home/esteban-sega/.vscode/extensions/amiq.dvt-26.1.9-linux-x64/dvt_home/common/predefined_projects/libs/uvm-1.2/src/seq/uvm_sequence_base.svh [62 ms, 1405 lines, SystemVerilog_2012] ...
Loading (106) /home/esteban-sega/.vscode/extensions/amiq.dvt-26.1.9-linux-x64/dvt_home/common/predefined_projects/libs/uvm-1.2/src/seq/uvm_sequence.svh ...
Done /home/esteban-sega/.vscode/extensions/amiq.dvt-26.1.9-linux-x64/dvt_home/common/predefined_projects/libs/uvm-1.2/src/seq/uvm_sequence.svh [7 ms, 148 lines, SystemVerilog_2012] ...
Loading (107) /home/esteban-sega/.vscode/extensions/amiq.dvt-26.1.9-linux-x64/dvt_home/common/predefined_projects/libs/uvm-1.2/src/seq/uvm_sequence_library.svh ...
Done /home/esteban-sega/.vscode/extensions/amiq.dvt-26.1.9-linux-x64/dvt_home/common/predefined_projects/libs/uvm-1.2/src/seq/uvm_sequence_library.svh [58 ms, 813 lines, SystemVerilog_2012] ...
Loading (108) /home/esteban-sega/.vscode/extensions/amiq.dvt-26.1.9-linux-x64/dvt_home/common/predefined_projects/libs/uvm-1.2/src/seq/uvm_sequence_builtin.svh ...
Done /home/esteban-sega/.vscode/extensions/amiq.dvt-26.1.9-linux-x64/dvt_home/common/predefined_projects/libs/uvm-1.2/src/seq/uvm_sequence_builtin.svh [22 ms, 301 lines, SystemVerilog_2012] ...
Done /home/esteban-sega/.vscode/extensions/amiq.dvt-26.1.9-linux-x64/dvt_home/common/predefined_projects/libs/uvm-1.2/src/seq/uvm_seq.svh [5 ms, 40 lines, SystemVerilog_2012] ...
Loading (109) /home/esteban-sega/.vscode/extensions/amiq.dvt-26.1.9-linux-x64/dvt_home/common/predefined_projects/libs/uvm-1.2/src/tlm2/uvm_tlm2.svh ...
Loading (110) /home/esteban-sega/.vscode/extensions/amiq.dvt-26.1.9-linux-x64/dvt_home/common/predefined_projects/libs/uvm-1.2/src/tlm2/uvm_tlm2_defines.svh ...
Done /home/esteban-sega/.vscode/extensions/amiq.dvt-26.1.9-linux-x64/dvt_home/common/predefined_projects/libs/uvm-1.2/src/tlm2/uvm_tlm2_defines.svh [1 ms, 45 lines, SystemVerilog_2012] ...
Loading (111) /home/esteban-sega/.vscode/extensions/amiq.dvt-26.1.9-linux-x64/dvt_home/common/predefined_projects/libs/uvm-1.2/src/tlm2/uvm_tlm2_time.svh ...
Done /home/esteban-sega/.vscode/extensions/amiq.dvt-26.1.9-linux-x64/dvt_home/common/predefined_projects/libs/uvm-1.2/src/tlm2/uvm_tlm2_time.svh [8 ms, 333 lines, SystemVerilog_2012] ...
Loading (112) /home/esteban-sega/.vscode/extensions/amiq.dvt-26.1.9-linux-x64/dvt_home/common/predefined_projects/libs/uvm-1.2/src/tlm2/uvm_tlm2_generic_payload.svh ...
Done /home/esteban-sega/.vscode/extensions/amiq.dvt-26.1.9-linux-x64/dvt_home/common/predefined_projects/libs/uvm-1.2/src/tlm2/uvm_tlm2_generic_payload.svh [68 ms, 1053 lines, SystemVerilog_2012] ...
Loading (113) /home/esteban-sega/.vscode/extensions/amiq.dvt-26.1.9-linux-x64/dvt_home/common/predefined_projects/libs/uvm-1.2/src/tlm2/uvm_tlm2_ifs.svh ...
Done /home/esteban-sega/.vscode/extensions/amiq.dvt-26.1.9-linux-x64/dvt_home/common/predefined_projects/libs/uvm-1.2/src/tlm2/uvm_tlm2_ifs.svh [4 ms, 178 lines, SystemVerilog_2012] ...
Loading (114) /home/esteban-sega/.vscode/extensions/amiq.dvt-26.1.9-linux-x64/dvt_home/common/predefined_projects/libs/uvm-1.2/src/tlm2/uvm_tlm2_imps.svh ...
Done /home/esteban-sega/.vscode/extensions/amiq.dvt-26.1.9-linux-x64/dvt_home/common/predefined_projects/libs/uvm-1.2/src/tlm2/uvm_tlm2_imps.svh [7 ms, 203 lines, SystemVerilog_2012] ...
Loading (115) /home/esteban-sega/.vscode/extensions/amiq.dvt-26.1.9-linux-x64/dvt_home/common/predefined_projects/libs/uvm-1.2/src/tlm2/uvm_tlm2_ports.svh ...
Done /home/esteban-sega/.vscode/extensions/amiq.dvt-26.1.9-linux-x64/dvt_home/common/predefined_projects/libs/uvm-1.2/src/tlm2/uvm_tlm2_ports.svh [8 ms, 75 lines, SystemVerilog_2012] ...
Loading (116) /home/esteban-sega/.vscode/extensions/amiq.dvt-26.1.9-linux-x64/dvt_home/common/predefined_projects/libs/uvm-1.2/src/tlm2/uvm_tlm2_exports.svh ...
Done /home/esteban-sega/.vscode/extensions/amiq.dvt-26.1.9-linux-x64/dvt_home/common/predefined_projects/libs/uvm-1.2/src/tlm2/uvm_tlm2_exports.svh [9 ms, 65 lines, SystemVerilog_2012] ...
Loading (117) /home/esteban-sega/.vscode/extensions/amiq.dvt-26.1.9-linux-x64/dvt_home/common/predefined_projects/libs/uvm-1.2/src/tlm2/uvm_tlm2_sockets_base.svh ...
Done /home/esteban-sega/.vscode/extensions/amiq.dvt-26.1.9-linux-x64/dvt_home/common/predefined_projects/libs/uvm-1.2/src/tlm2/uvm_tlm2_sockets_base.svh [20 ms, 195 lines, SystemVerilog_2012] ...
Loading (118) /home/esteban-sega/.vscode/extensions/amiq.dvt-26.1.9-linux-x64/dvt_home/common/predefined_projects/libs/uvm-1.2/src/tlm2/uvm_tlm2_sockets.svh ...
Done /home/esteban-sega/.vscode/extensions/amiq.dvt-26.1.9-linux-x64/dvt_home/common/predefined_projects/libs/uvm-1.2/src/tlm2/uvm_tlm2_sockets.svh [26 ms, 435 lines, SystemVerilog_2012] ...
Done /home/esteban-sega/.vscode/extensions/amiq.dvt-26.1.9-linux-x64/dvt_home/common/predefined_projects/libs/uvm-1.2/src/tlm2/uvm_tlm2.svh [4 ms, 30 lines, SystemVerilog_2012] ...
Loading (119) /home/esteban-sega/.vscode/extensions/amiq.dvt-26.1.9-linux-x64/dvt_home/common/predefined_projects/libs/uvm-1.2/src/reg/uvm_reg_model.svh ...
Loading (120) /home/esteban-sega/.vscode/extensions/amiq.dvt-26.1.9-linux-x64/dvt_home/common/predefined_projects/libs/uvm-1.2/src/reg/uvm_reg_item.svh ...
Done /home/esteban-sega/.vscode/extensions/amiq.dvt-26.1.9-linux-x64/dvt_home/common/predefined_projects/libs/uvm-1.2/src/reg/uvm_reg_item.svh [10 ms, 316 lines, SystemVerilog_2012] ...
Loading (121) /home/esteban-sega/.vscode/extensions/amiq.dvt-26.1.9-linux-x64/dvt_home/common/predefined_projects/libs/uvm-1.2/src/reg/uvm_reg_adapter.svh ...
Done /home/esteban-sega/.vscode/extensions/amiq.dvt-26.1.9-linux-x64/dvt_home/common/predefined_projects/libs/uvm-1.2/src/reg/uvm_reg_adapter.svh [13 ms, 254 lines, SystemVerilog_2012] ...
Loading (122) /home/esteban-sega/.vscode/extensions/amiq.dvt-26.1.9-linux-x64/dvt_home/common/predefined_projects/libs/uvm-1.2/src/reg/uvm_reg_predictor.svh ...
Done /home/esteban-sega/.vscode/extensions/amiq.dvt-26.1.9-linux-x64/dvt_home/common/predefined_projects/libs/uvm-1.2/src/reg/uvm_reg_predictor.svh [15 ms, 265 lines, SystemVerilog_2012] ...
Loading (123) /home/esteban-sega/.vscode/extensions/amiq.dvt-26.1.9-linux-x64/dvt_home/common/predefined_projects/libs/uvm-1.2/src/reg/uvm_reg_sequence.svh ...
Done /home/esteban-sega/.vscode/extensions/amiq.dvt-26.1.9-linux-x64/dvt_home/common/predefined_projects/libs/uvm-1.2/src/reg/uvm_reg_sequence.svh [29 ms, 548 lines, SystemVerilog_2012] ...
Loading (124) /home/esteban-sega/.vscode/extensions/amiq.dvt-26.1.9-linux-x64/dvt_home/common/predefined_projects/libs/uvm-1.2/src/reg/uvm_reg_cbs.svh ...
Done /home/esteban-sega/.vscode/extensions/amiq.dvt-26.1.9-linux-x64/dvt_home/common/predefined_projects/libs/uvm-1.2/src/reg/uvm_reg_cbs.svh [26 ms, 530 lines, SystemVerilog_2012] ...
Loading (125) /home/esteban-sega/.vscode/extensions/amiq.dvt-26.1.9-linux-x64/dvt_home/common/predefined_projects/libs/uvm-1.2/src/reg/uvm_reg_backdoor.svh ...
Done /home/esteban-sega/.vscode/extensions/amiq.dvt-26.1.9-linux-x64/dvt_home/common/predefined_projects/libs/uvm-1.2/src/reg/uvm_reg_backdoor.svh [20 ms, 348 lines, SystemVerilog_2012] ...
Loading (126) /home/esteban-sega/.vscode/extensions/amiq.dvt-26.1.9-linux-x64/dvt_home/common/predefined_projects/libs/uvm-1.2/src/reg/uvm_reg_field.svh ...
Done /home/esteban-sega/.vscode/extensions/amiq.dvt-26.1.9-linux-x64/dvt_home/common/predefined_projects/libs/uvm-1.2/src/reg/uvm_reg_field.svh [90 ms, 2013 lines, SystemVerilog_2012] ...
Loading (127) /home/esteban-sega/.vscode/extensions/amiq.dvt-26.1.9-linux-x64/dvt_home/common/predefined_projects/libs/uvm-1.2/src/reg/uvm_vreg_field.svh ...
Done /home/esteban-sega/.vscode/extensions/amiq.dvt-26.1.9-linux-x64/dvt_home/common/predefined_projects/libs/uvm-1.2/src/reg/uvm_vreg_field.svh [59 ms, 1005 lines, SystemVerilog_2012] ...
Loading (128) /home/esteban-sega/.vscode/extensions/amiq.dvt-26.1.9-linux-x64/dvt_home/common/predefined_projects/libs/uvm-1.2/src/reg/uvm_reg.svh ...
Done /home/esteban-sega/.vscode/extensions/amiq.dvt-26.1.9-linux-x64/dvt_home/common/predefined_projects/libs/uvm-1.2/src/reg/uvm_reg.svh [103 ms, 3102 lines, SystemVerilog_2012] ...
Loading (129) /home/esteban-sega/.vscode/extensions/amiq.dvt-26.1.9-linux-x64/dvt_home/common/predefined_projects/libs/uvm-1.2/src/reg/uvm_reg_indirect.svh ...
Done /home/esteban-sega/.vscode/extensions/amiq.dvt-26.1.9-linux-x64/dvt_home/common/predefined_projects/libs/uvm-1.2/src/reg/uvm_reg_indirect.svh [18 ms, 330 lines, SystemVerilog_2012] ...
Loading (130) /home/esteban-sega/.vscode/extensions/amiq.dvt-26.1.9-linux-x64/dvt_home/common/predefined_projects/libs/uvm-1.2/src/reg/uvm_reg_fifo.svh ...
Done /home/esteban-sega/.vscode/extensions/amiq.dvt-26.1.9-linux-x64/dvt_home/common/predefined_projects/libs/uvm-1.2/src/reg/uvm_reg_fifo.svh [8 ms, 311 lines, SystemVerilog_2012] ...
Loading (131) /home/esteban-sega/.vscode/extensions/amiq.dvt-26.1.9-linux-x64/dvt_home/common/predefined_projects/libs/uvm-1.2/src/reg/uvm_reg_file.svh ...
Done /home/esteban-sega/.vscode/extensions/amiq.dvt-26.1.9-linux-x64/dvt_home/common/predefined_projects/libs/uvm-1.2/src/reg/uvm_reg_file.svh [15 ms, 501 lines, SystemVerilog_2012] ...
Loading (132) /home/esteban-sega/.vscode/extensions/amiq.dvt-26.1.9-linux-x64/dvt_home/common/predefined_projects/libs/uvm-1.2/src/reg/uvm_mem_mam.svh ...
Done /home/esteban-sega/.vscode/extensions/amiq.dvt-26.1.9-linux-x64/dvt_home/common/predefined_projects/libs/uvm-1.2/src/reg/uvm_mem_mam.svh [44 ms, 1019 lines, SystemVerilog_2012] ...
Loading (133) /home/esteban-sega/.vscode/extensions/amiq.dvt-26.1.9-linux-x64/dvt_home/common/predefined_projects/libs/uvm-1.2/src/reg/uvm_vreg.svh ...
Done /home/esteban-sega/.vscode/extensions/amiq.dvt-26.1.9-linux-x64/dvt_home/common/predefined_projects/libs/uvm-1.2/src/reg/uvm_vreg.svh [83 ms, 1554 lines, SystemVerilog_2012] ...
Loading (134) /home/esteban-sega/.vscode/extensions/amiq.dvt-26.1.9-linux-x64/dvt_home/common/predefined_projects/libs/uvm-1.2/src/reg/uvm_mem.svh ...
Done /home/esteban-sega/.vscode/extensions/amiq.dvt-26.1.9-linux-x64/dvt_home/common/predefined_projects/libs/uvm-1.2/src/reg/uvm_mem.svh [112 ms, 2410 lines, SystemVerilog_2012] ...
Loading (135) /home/esteban-sega/.vscode/extensions/amiq.dvt-26.1.9-linux-x64/dvt_home/common/predefined_projects/libs/uvm-1.2/src/reg/uvm_reg_map.svh ...
Done /home/esteban-sega/.vscode/extensions/amiq.dvt-26.1.9-linux-x64/dvt_home/common/predefined_projects/libs/uvm-1.2/src/reg/uvm_reg_map.svh [103 ms, 2225 lines, SystemVerilog_2012] ...
Loading (136) /home/esteban-sega/.vscode/extensions/amiq.dvt-26.1.9-linux-x64/dvt_home/common/predefined_projects/libs/uvm-1.2/src/reg/uvm_reg_block.svh ...
Done /home/esteban-sega/.vscode/extensions/amiq.dvt-26.1.9-linux-x64/dvt_home/common/predefined_projects/libs/uvm-1.2/src/reg/uvm_reg_block.svh [66 ms, 2272 lines, SystemVerilog_2012] ...
Loading (137) /home/esteban-sega/.vscode/extensions/amiq.dvt-26.1.9-linux-x64/dvt_home/common/predefined_projects/libs/uvm-1.2/src/reg/sequences/uvm_reg_hw_reset_seq.svh ...
Done /home/esteban-sega/.vscode/extensions/amiq.dvt-26.1.9-linux-x64/dvt_home/common/predefined_projects/libs/uvm-1.2/src/reg/sequences/uvm_reg_hw_reset_seq.svh [7 ms, 172 lines, SystemVerilog_2012] ...
Loading (138) /home/esteban-sega/.vscode/extensions/amiq.dvt-26.1.9-linux-x64/dvt_home/common/predefined_projects/libs/uvm-1.2/src/reg/sequences/uvm_reg_bit_bash_seq.svh ...
Done /home/esteban-sega/.vscode/extensions/amiq.dvt-26.1.9-linux-x64/dvt_home/common/predefined_projects/libs/uvm-1.2/src/reg/sequences/uvm_reg_bit_bash_seq.svh [12 ms, 303 lines, SystemVerilog_2012] ...
Loading (139) /home/esteban-sega/.vscode/extensions/amiq.dvt-26.1.9-linux-x64/dvt_home/common/predefined_projects/libs/uvm-1.2/src/reg/sequences/uvm_mem_walk_seq.svh ...
Done /home/esteban-sega/.vscode/extensions/amiq.dvt-26.1.9-linux-x64/dvt_home/common/predefined_projects/libs/uvm-1.2/src/reg/sequences/uvm_mem_walk_seq.svh [11 ms, 300 lines, SystemVerilog_2012] ...
Loading (140) /home/esteban-sega/.vscode/extensions/amiq.dvt-26.1.9-linux-x64/dvt_home/common/predefined_projects/libs/uvm-1.2/src/reg/sequences/uvm_mem_access_seq.svh ...
Done /home/esteban-sega/.vscode/extensions/amiq.dvt-26.1.9-linux-x64/dvt_home/common/predefined_projects/libs/uvm-1.2/src/reg/sequences/uvm_mem_access_seq.svh [14 ms, 308 lines, SystemVerilog_2012] ...
Loading (141) /home/esteban-sega/.vscode/extensions/amiq.dvt-26.1.9-linux-x64/dvt_home/common/predefined_projects/libs/uvm-1.2/src/reg/sequences/uvm_reg_access_seq.svh ...
Done /home/esteban-sega/.vscode/extensions/amiq.dvt-26.1.9-linux-x64/dvt_home/common/predefined_projects/libs/uvm-1.2/src/reg/sequences/uvm_reg_access_seq.svh [17 ms, 366 lines, SystemVerilog_2012] ...
Loading (142) /home/esteban-sega/.vscode/extensions/amiq.dvt-26.1.9-linux-x64/dvt_home/common/predefined_projects/libs/uvm-1.2/src/reg/sequences/uvm_reg_mem_shared_access_seq.svh ...
Done /home/esteban-sega/.vscode/extensions/amiq.dvt-26.1.9-linux-x64/dvt_home/common/predefined_projects/libs/uvm-1.2/src/reg/sequences/uvm_reg_mem_shared_access_seq.svh [20 ms, 486 lines, SystemVerilog_2012] ...
Loading (143) /home/esteban-sega/.vscode/extensions/amiq.dvt-26.1.9-linux-x64/dvt_home/common/predefined_projects/libs/uvm-1.2/src/reg/sequences/uvm_reg_mem_built_in_seq.svh ...
Done /home/esteban-sega/.vscode/extensions/amiq.dvt-26.1.9-linux-x64/dvt_home/common/predefined_projects/libs/uvm-1.2/src/reg/sequences/uvm_reg_mem_built_in_seq.svh [7 ms, 139 lines, SystemVerilog_2012] ...
Loading (144) /home/esteban-sega/.vscode/extensions/amiq.dvt-26.1.9-linux-x64/dvt_home/common/predefined_projects/libs/uvm-1.2/src/reg/sequences/uvm_reg_mem_hdl_paths_seq.svh ...
Done /home/esteban-sega/.vscode/extensions/amiq.dvt-26.1.9-linux-x64/dvt_home/common/predefined_projects/libs/uvm-1.2/src/reg/sequences/uvm_reg_mem_hdl_paths_seq.svh [13 ms, 175 lines, SystemVerilog_2012] ...
Done /home/esteban-sega/.vscode/extensions/amiq.dvt-26.1.9-linux-x64/dvt_home/common/predefined_projects/libs/uvm-1.2/src/reg/uvm_reg_model.svh [17 ms, 444 lines, SystemVerilog_2012] ...
Done /home/esteban-sega/.vscode/extensions/amiq.dvt-26.1.9-linux-x64/dvt_home/common/predefined_projects/libs/uvm-1.2/src/uvm_pkg.sv [7 ms, 43 lines, SystemVerilog_2012] ...
Loading (145) /home/esteban-sega/Desktop/Proyecto_2_UVM/Proyecto_2_UVM/DUT/UVM/seq_item.sv ...
Done /home/esteban-sega/Desktop/Proyecto_2_UVM/Proyecto_2_UVM/DUT/UVM/seq_item.sv [18 ms, 19 lines, SystemVerilog_2012] ...
Loading (146) /home/esteban-sega/Desktop/Proyecto_2_UVM/Proyecto_2_UVM/DUT/UVM/driver_rx.sv ...
Optimizing (147) /home/esteban-sega/.vscode/extensions/amiq.dvt-26.1.9-linux-x64/dvt_home/common/predefined_projects/libs/uvm-1.2/src/uvm_macros.svh ...
Done /home/esteban-sega/Desktop/Proyecto_2_UVM/Proyecto_2_UVM/DUT/UVM/driver_rx.sv [9 ms, 74 lines, SystemVerilog_2012] ...
Loading (148) /home/esteban-sega/Desktop/Proyecto_2_UVM/Proyecto_2_UVM/DUT/UVM/driver_tx.sv ...
Optimizing (149) /home/esteban-sega/.vscode/extensions/amiq.dvt-26.1.9-linux-x64/dvt_home/common/predefined_projects/libs/uvm-1.2/src/uvm_macros.svh ...
Done /home/esteban-sega/Desktop/Proyecto_2_UVM/Proyecto_2_UVM/DUT/UVM/driver_tx.sv [6 ms, 66 lines, SystemVerilog_2012] ...
Loading (150) /home/esteban-sega/Desktop/Proyecto_2_UVM/Proyecto_2_UVM/DUT/UVM/monitor_rx.sv ...
Optimizing (151) /home/esteban-sega/.vscode/extensions/amiq.dvt-26.1.9-linux-x64/dvt_home/common/predefined_projects/libs/uvm-1.2/src/uvm_macros.svh ...
Done /home/esteban-sega/Desktop/Proyecto_2_UVM/Proyecto_2_UVM/DUT/UVM/monitor_rx.sv [5 ms, 62 lines, SystemVerilog_2012] ...
Loading (152) /home/esteban-sega/Desktop/Proyecto_2_UVM/Proyecto_2_UVM/DUT/UVM/monitor_tx.sv ...
Optimizing (153) /home/esteban-sega/.vscode/extensions/amiq.dvt-26.1.9-linux-x64/dvt_home/common/predefined_projects/libs/uvm-1.2/src/uvm_macros.svh ...
Done /home/esteban-sega/Desktop/Proyecto_2_UVM/Proyecto_2_UVM/DUT/UVM/monitor_tx.sv [4 ms, 57 lines, SystemVerilog_2012] ...
Loading (154) /home/esteban-sega/Desktop/Proyecto_2_UVM/Proyecto_2_UVM/DUT/UVM/scoreboard.sv ...
Optimizing (155) /home/esteban-sega/.vscode/extensions/amiq.dvt-26.1.9-linux-x64/dvt_home/common/predefined_projects/libs/uvm-1.2/src/uvm_macros.svh ...
Done /home/esteban-sega/Desktop/Proyecto_2_UVM/Proyecto_2_UVM/DUT/UVM/scoreboard.sv [5 ms, 30 lines, SystemVerilog_2012] ...
Loading (156) /home/esteban-sega/Desktop/Proyecto_2_UVM/Proyecto_2_UVM/DUT/UVM/agent_rx.sv ...
Optimizing (157) /home/esteban-sega/.vscode/extensions/amiq.dvt-26.1.9-linux-x64/dvt_home/common/predefined_projects/libs/uvm-1.2/src/uvm_macros.svh ...
Done /home/esteban-sega/Desktop/Proyecto_2_UVM/Proyecto_2_UVM/DUT/UVM/agent_rx.sv [2 ms, 42 lines, SystemVerilog_2012] ...
Loading (158) /home/esteban-sega/Desktop/Proyecto_2_UVM/Proyecto_2_UVM/DUT/UVM/agent_tx.sv ...
Optimizing (159) /home/esteban-sega/.vscode/extensions/amiq.dvt-26.1.9-linux-x64/dvt_home/common/predefined_projects/libs/uvm-1.2/src/uvm_macros.svh ...
Done /home/esteban-sega/Desktop/Proyecto_2_UVM/Proyecto_2_UVM/DUT/UVM/agent_tx.sv [2 ms, 41 lines, SystemVerilog_2012] ...
Loading (160) /home/esteban-sega/Desktop/Proyecto_2_UVM/Proyecto_2_UVM/DUT/UVM/environment.sv ...
Optimizing (161) /home/esteban-sega/.vscode/extensions/amiq.dvt-26.1.9-linux-x64/dvt_home/common/predefined_projects/libs/uvm-1.2/src/uvm_macros.svh ...
Done /home/esteban-sega/Desktop/Proyecto_2_UVM/Proyecto_2_UVM/DUT/UVM/environment.sv [2 ms, 33 lines, SystemVerilog_2012] ...
*** Done invocation #1 [4124 ms] ***
*** Done parsing [LT 2235 ms, PT 4124 ms] ***
*** Total number of lines [76 223] ***
*** Error: SYSTEM_VERILOG_2012: Expecting ';', found 'super'
    at line 11 in /home/esteban-sega/Desktop/Proyecto_2_UVM/Proyecto_2_UVM/DUT/UVM/driver_rx.sv:11 [compile index 146][invocation 1]
*** Error: SYSTEM_VERILOG_2012: Expecting ';', found 'super'
    at line 11 in /home/esteban-sega/Desktop/Proyecto_2_UVM/Proyecto_2_UVM/DUT/UVM/driver_tx.sv:11 [compile index 148][invocation 1]
*** Warning: SYSTEM_VERILOG_2012: Expecting `endif label 'UVM_CMDLINE_PROCESSOR_SV' found 'UVM_CMDLINE_PROC_PKG_SV'
    at line 460 in /home/esteban-sega/.vscode/extensions/amiq.dvt-26.1.9-linux-x64/dvt_home/common/predefined_projects/libs/uvm-1.2/src/base/uvm_cmdline_processor.svh:460 [compile index 1][invocation 1]
Performing post full build actions ...
Performing post full build step 1 (SRI) [6 ms] ...
Performing post full build step 2 (RI) [25 ms] ...
Performing post full build step 3 (RCP) [393 ms] ...
*** Files summary [161 total, 151 unique, 8 optimized] ***
*** Done SystemVerilog build [4s.764ms] ***

*** Start mixed mode extension build ***
Performing mixed post full build step (VLOG - RI) [15 ms] ...
*** Warning: UNSPECIFIED_TOP: Please specify a -top module/entity/configuration in the project build file
Performing mixed post full build step (MIXED - ELAB) [4 ms] ...
Performing mixed post full build step (MIXED - UNEL) [3613 ms] ...
*** Error: NON_EXISTING_TYPE: Non existing type 'uvm_object_registry'
    at line 2 in /home/esteban-sega/Desktop/Proyecto_2_UVM/Proyecto_2_UVM/DUT/UVM/seq_item.sv:2 [compile index 145]
*** Error: NON_EXISTING_TYPE: Non existing type 'uvm_object_registry'
    at line 7 in /home/esteban-sega/Desktop/Proyecto_2_UVM/Proyecto_2_UVM/DUT/UVM/seq_item.sv:7 [compile index 145]
*** Error: NON_EXISTING_TYPE: Non existing type 'uvm_object'
    at line 2 in /home/esteban-sega/Desktop/Proyecto_2_UVM/Proyecto_2_UVM/DUT/UVM/seq_item.sv:2 [compile index 145]
*** Error: NON_EXISTING_TYPE: Non existing type 'uvm_object_wrapper'
    at line 2 in /home/esteban-sega/Desktop/Proyecto_2_UVM/Proyecto_2_UVM/DUT/UVM/seq_item.sv:2 [compile index 145]
*** Error: UNDECLARED_IDENTIFIER: Identifier 'UVM_SETINT' is not declared
    at line 2 in /home/esteban-sega/Desktop/Proyecto_2_UVM/Proyecto_2_UVM/DUT/UVM/seq_item.sv:2 [compile index 145]
*** Error: UNDECLARED_IDENTIFIER: Identifier 'UVM_SETOBJ' is not declared
    at line 2 in /home/esteban-sega/Desktop/Proyecto_2_UVM/Proyecto_2_UVM/DUT/UVM/seq_item.sv:2 [compile index 145]
*** Error: UNDECLARED_IDENTIFIER: Identifier 'UVM_SETSTR' is not declared
    at line 2 in /home/esteban-sega/Desktop/Proyecto_2_UVM/Proyecto_2_UVM/DUT/UVM/seq_item.sv:2 [compile index 145]
*** Error: UNDECLARED_IDENTIFIER: Identifier '__m_uvm_field_automation' is not a member of 'super'
    at line 2 in /home/esteban-sega/Desktop/Proyecto_2_UVM/Proyecto_2_UVM/DUT/UVM/seq_item.sv:2 [compile index 145]
*** Error: UNDECLARED_IDENTIFIER: Identifier '__m_uvm_status_container' is not declared
    at line 2 in /home/esteban-sega/Desktop/Proyecto_2_UVM/Proyecto_2_UVM/DUT/UVM/seq_item.sv:2 [compile index 145]
*** Error: UNDECLARED_IDENTIFIER: Identifier 'get' is not a member of 'type_id' (type 'uvm_object_registry' is undeclared)
    at line 2 in /home/esteban-sega/Desktop/Proyecto_2_UVM/Proyecto_2_UVM/DUT/UVM/seq_item.sv:2 [compile index 145]
*** Error: UNDECLARED_IDENTIFIER: Identifier 'new' is not a member of 'tmp' (type 'mem_seq_item' is undeclared)
    at line 2 in /home/esteban-sega/Desktop/Proyecto_2_UVM/Proyecto_2_UVM/DUT/UVM/seq_item.sv:2 [compile index 145]
*** Error: USAGE_BEFORE_DECLARATION: Element 'tmp' is used before being declared
    at line 7 in /home/esteban-sega/Desktop/Proyecto_2_UVM/Proyecto_2_UVM/DUT/UVM/seq_item.sv
    at line 2 in /home/esteban-sega/Desktop/Proyecto_2_UVM/Proyecto_2_UVM/DUT/UVM/seq_item.sv:2 [compile index 145]
*** Error: USAGE_BEFORE_DECLARATION: Element 'type_id' is used before being declared
    at line 7 in /home/esteban-sega/Desktop/Proyecto_2_UVM/Proyecto_2_UVM/DUT/UVM/seq_item.sv
    at line 2 in /home/esteban-sega/Desktop/Proyecto_2_UVM/Proyecto_2_UVM/DUT/UVM/seq_item.sv:2 [compile index 145]
*** Error: NON_EXISTING_TYPE: Non existing type 'mem_seq_item'
    at line 7 in /home/esteban-sega/Desktop/Proyecto_2_UVM/Proyecto_2_UVM/DUT/UVM/seq_item.sv:7 [compile index 145]
*** Error: NON_EXISTING_TYPE: Non existing type 'uvm_object'
    at line 7 in /home/esteban-sega/Desktop/Proyecto_2_UVM/Proyecto_2_UVM/DUT/UVM/seq_item.sv:7 [compile index 145]
*** Error: NON_EXISTING_TYPE: Non existing type 'uvm_object_wrapper'
    at line 7 in /home/esteban-sega/Desktop/Proyecto_2_UVM/Proyecto_2_UVM/DUT/UVM/seq_item.sv:7 [compile index 145]
*** Error: UNDECLARED_IDENTIFIER: Identifier 'UVM_SETINT' is not declared
    at line 7 in /home/esteban-sega/Desktop/Proyecto_2_UVM/Proyecto_2_UVM/DUT/UVM/seq_item.sv:7 [compile index 145]
*** Error: UNDECLARED_IDENTIFIER: Identifier 'UVM_SETOBJ' is not declared
    at line 7 in /home/esteban-sega/Desktop/Proyecto_2_UVM/Proyecto_2_UVM/DUT/UVM/seq_item.sv:7 [compile index 145]
*** Error: UNDECLARED_IDENTIFIER: Identifier 'UVM_SETSTR' is not declared
    at line 7 in /home/esteban-sega/Desktop/Proyecto_2_UVM/Proyecto_2_UVM/DUT/UVM/seq_item.sv:7 [compile index 145]
*** Error: UNDECLARED_IDENTIFIER: Identifier '__m_uvm_field_automation' is not a member of 'super'
    at line 7 in /home/esteban-sega/Desktop/Proyecto_2_UVM/Proyecto_2_UVM/DUT/UVM/seq_item.sv:7 [compile index 145]
*** Error: UNDECLARED_IDENTIFIER: Identifier '__m_uvm_status_container' is not declared
    at line 7 in /home/esteban-sega/Desktop/Proyecto_2_UVM/Proyecto_2_UVM/DUT/UVM/seq_item.sv:7 [compile index 145]
*** Error: UNDECLARED_IDENTIFIER: Identifier 'get' is not a member of 'type_id' (type 'uvm_object_registry' is undeclared)
    at line 7 in /home/esteban-sega/Desktop/Proyecto_2_UVM/Proyecto_2_UVM/DUT/UVM/seq_item.sv:7 [compile index 145]
*** Error: UNDECLARED_IDENTIFIER: Identifier 'mem_seq_item' is not declared
    at line 7 in /home/esteban-sega/Desktop/Proyecto_2_UVM/Proyecto_2_UVM/DUT/UVM/seq_item.sv:7 [compile index 145]
*** Error: UNDECLARED_IDENTIFIER: Identifier 'new' is not a member of 'tmp' (type 'mem_seq_item' is undeclared)
    at line 7 in /home/esteban-sega/Desktop/Proyecto_2_UVM/Proyecto_2_UVM/DUT/UVM/seq_item.sv:7 [compile index 145]
*** Error: NON_EXISTING_TYPE: Non existing type 'uvm_object'
    at line 8 in /home/esteban-sega/Desktop/Proyecto_2_UVM/Proyecto_2_UVM/DUT/UVM/seq_item.sv:8 [compile index 145]
*** Error: UNDECLARED_IDENTIFIER: Identifier 'UVM_ALL_ON' is not declared
    at line 8 in /home/esteban-sega/Desktop/Proyecto_2_UVM/Proyecto_2_UVM/DUT/UVM/seq_item.sv:8 [compile index 145]
*** Error: UNDECLARED_IDENTIFIER: Identifier 'UVM_CHECK_FIELDS' is not declared
    at line 8 in /home/esteban-sega/Desktop/Proyecto_2_UVM/Proyecto_2_UVM/DUT/UVM/seq_item.sv:8 [compile index 145]
*** Error: UNDECLARED_IDENTIFIER: Identifier 'UVM_COMPARE' is not declared
    at line 8 in /home/esteban-sega/Desktop/Proyecto_2_UVM/Proyecto_2_UVM/DUT/UVM/seq_item.sv:8 [compile index 145]
*** Error: UNDECLARED_IDENTIFIER: Identifier 'UVM_COPY' is not declared
    at line 8 in /home/esteban-sega/Desktop/Proyecto_2_UVM/Proyecto_2_UVM/DUT/UVM/seq_item.sv:8 [compile index 145]
*** Error: UNDECLARED_IDENTIFIER: Identifier 'UVM_LOW' is not declared
    at line 8 in /home/esteban-sega/Desktop/Proyecto_2_UVM/Proyecto_2_UVM/DUT/UVM/seq_item.sv:8 [compile index 145]
*** Error: UNDECLARED_IDENTIFIER: Identifier 'UVM_NOCOMPARE' is not declared
    at line 8 in /home/esteban-sega/Desktop/Proyecto_2_UVM/Proyecto_2_UVM/DUT/UVM/seq_item.sv:8 [compile index 145]
*** Error: UNDECLARED_IDENTIFIER: Identifier 'UVM_NOCOPY' is not declared
    at line 8 in /home/esteban-sega/Desktop/Proyecto_2_UVM/Proyecto_2_UVM/DUT/UVM/seq_item.sv:8 [compile index 145]
*** Error: UNDECLARED_IDENTIFIER: Identifier 'UVM_NONE' is not declared
    at line 8 in /home/esteban-sega/Desktop/Proyecto_2_UVM/Proyecto_2_UVM/DUT/UVM/seq_item.sv:8 [compile index 145]
*** Error: UNDECLARED_IDENTIFIER: Identifier 'UVM_NOPACK' is not declared
    at line 8 in /home/esteban-sega/Desktop/Proyecto_2_UVM/Proyecto_2_UVM/DUT/UVM/seq_item.sv:8 [compile index 145]
*** Error: UNDECLARED_IDENTIFIER: Identifier 'UVM_NOPRINT' is not declared
    at line 8 in /home/esteban-sega/Desktop/Proyecto_2_UVM/Proyecto_2_UVM/DUT/UVM/seq_item.sv:8 [compile index 145]
*** Error: UNDECLARED_IDENTIFIER: Identifier 'UVM_NORECORD' is not declared
    at line 8 in /home/esteban-sega/Desktop/Proyecto_2_UVM/Proyecto_2_UVM/DUT/UVM/seq_item.sv:8 [compile index 145]
*** Error: UNDECLARED_IDENTIFIER: Identifier 'UVM_PACK' is not declared
    at line 8 in /home/esteban-sega/Desktop/Proyecto_2_UVM/Proyecto_2_UVM/DUT/UVM/seq_item.sv:8 [compile index 145]
*** Error: UNDECLARED_IDENTIFIER: Identifier 'UVM_PRINT' is not declared
    at line 8 in /home/esteban-sega/Desktop/Proyecto_2_UVM/Proyecto_2_UVM/DUT/UVM/seq_item.sv:8 [compile index 145]
*** Error: UNDECLARED_IDENTIFIER: Identifier 'UVM_RADIX' is not declared
    at line 8 in /home/esteban-sega/Desktop/Proyecto_2_UVM/Proyecto_2_UVM/DUT/UVM/seq_item.sv:8 [compile index 145]
*** Error: UNDECLARED_IDENTIFIER: Identifier 'UVM_READONLY' is not declared
    at line 8 in /home/esteban-sega/Desktop/Proyecto_2_UVM/Proyecto_2_UVM/DUT/UVM/seq_item.sv:8 [compile index 145]
*** Error: UNDECLARED_IDENTIFIER: Identifier 'UVM_RECORD' is not declared
    at line 8 in /home/esteban-sega/Desktop/Proyecto_2_UVM/Proyecto_2_UVM/DUT/UVM/seq_item.sv:8 [compile index 145]
*** Error: UNDECLARED_IDENTIFIER: Identifier 'UVM_SETINT' is not declared
    at line 8 in /home/esteban-sega/Desktop/Proyecto_2_UVM/Proyecto_2_UVM/DUT/UVM/seq_item.sv:8 [compile index 145]
*** Error: UNDECLARED_IDENTIFIER: Identifier 'UVM_UNPACK' is not declared
    at line 8 in /home/esteban-sega/Desktop/Proyecto_2_UVM/Proyecto_2_UVM/DUT/UVM/seq_item.sv:8 [compile index 145]
*** Error: UNDECLARED_IDENTIFIER: Identifier '__m_uvm_status_container' is not declared
    at line 8 in /home/esteban-sega/Desktop/Proyecto_2_UVM/Proyecto_2_UVM/DUT/UVM/seq_item.sv:8 [compile index 145]
*** Error: UNDECLARED_IDENTIFIER: Identifier 'addr' is not a member of 'local_data__' (type 'mem_seq_item' is undeclared)
    at line 8 in /home/esteban-sega/Desktop/Proyecto_2_UVM/Proyecto_2_UVM/DUT/UVM/seq_item.sv:8 [compile index 145]
*** Error: UNDECLARED_IDENTIFIER: Identifier 'addr' is not declared
    at line 8 in /home/esteban-sega/Desktop/Proyecto_2_UVM/Proyecto_2_UVM/DUT/UVM/seq_item.sv:8 [compile index 145]
*** Error: UNDECLARED_IDENTIFIER: Identifier 'uvm_is_match' is not declared
    at line 8 in /home/esteban-sega/Desktop/Proyecto_2_UVM/Proyecto_2_UVM/DUT/UVM/seq_item.sv:8 [compile index 145]
*** Error: UNDECLARED_IDENTIFIER: Identifier 'uvm_radix_enum' is not declared
    at line 8 in /home/esteban-sega/Desktop/Proyecto_2_UVM/Proyecto_2_UVM/DUT/UVM/seq_item.sv:8 [compile index 145]
*** Error: UNDECLARED_IDENTIFIER: Identifier 'uvm_report_info' is not declared
    at line 8 in /home/esteban-sega/Desktop/Proyecto_2_UVM/Proyecto_2_UVM/DUT/UVM/seq_item.sv:8 [compile index 145]
*** Error: UNDECLARED_IDENTIFIER: Identifier 'uvm_report_warning' is not declared
    at line 8 in /home/esteban-sega/Desktop/Proyecto_2_UVM/Proyecto_2_UVM/DUT/UVM/seq_item.sv:8 [compile index 145]
*** Error: NON_EXISTING_TYPE: Non existing type 'uvm_object'
    at line 9 in /home/esteban-sega/Desktop/Proyecto_2_UVM/Proyecto_2_UVM/DUT/UVM/seq_item.sv:9 [compile index 145]
*** Error: UNDECLARED_IDENTIFIER: Identifier 'UVM_ALL_ON' is not declared
    at line 9 in /home/esteban-sega/Desktop/Proyecto_2_UVM/Proyecto_2_UVM/DUT/UVM/seq_item.sv:9 [compile index 145]
*** Error: UNDECLARED_IDENTIFIER: Identifier 'UVM_CHECK_FIELDS' is not declared
    at line 9 in /home/esteban-sega/Desktop/Proyecto_2_UVM/Proyecto_2_UVM/DUT/UVM/seq_item.sv:9 [compile index 145]
*** Error: UNDECLARED_IDENTIFIER: Identifier 'UVM_COMPARE' is not declared
    at line 9 in /home/esteban-sega/Desktop/Proyecto_2_UVM/Proyecto_2_UVM/DUT/UVM/seq_item.sv:9 [compile index 145]
*** Error: UNDECLARED_IDENTIFIER: Identifier 'UVM_COPY' is not declared
    at line 9 in /home/esteban-sega/Desktop/Proyecto_2_UVM/Proyecto_2_UVM/DUT/UVM/seq_item.sv:9 [compile index 145]
*** Error: UNDECLARED_IDENTIFIER: Identifier 'UVM_LOW' is not declared
    at line 9 in /home/esteban-sega/Desktop/Proyecto_2_UVM/Proyecto_2_UVM/DUT/UVM/seq_item.sv:9 [compile index 145]
*** Error: UNDECLARED_IDENTIFIER: Identifier 'UVM_NOCOMPARE' is not declared
    at line 9 in /home/esteban-sega/Desktop/Proyecto_2_UVM/Proyecto_2_UVM/DUT/UVM/seq_item.sv:9 [compile index 145]
*** Error: UNDECLARED_IDENTIFIER: Identifier 'UVM_NOCOPY' is not declared
    at line 9 in /home/esteban-sega/Desktop/Proyecto_2_UVM/Proyecto_2_UVM/DUT/UVM/seq_item.sv:9 [compile index 145]
*** Error: UNDECLARED_IDENTIFIER: Identifier 'UVM_NONE' is not declared
    at line 9 in /home/esteban-sega/Desktop/Proyecto_2_UVM/Proyecto_2_UVM/DUT/UVM/seq_item.sv:9 [compile index 145]
*** Error: UNDECLARED_IDENTIFIER: Identifier 'UVM_NOPACK' is not declared
    at line 9 in /home/esteban-sega/Desktop/Proyecto_2_UVM/Proyecto_2_UVM/DUT/UVM/seq_item.sv:9 [compile index 145]
*** Error: UNDECLARED_IDENTIFIER: Identifier 'UVM_NOPRINT' is not declared
    at line 9 in /home/esteban-sega/Desktop/Proyecto_2_UVM/Proyecto_2_UVM/DUT/UVM/seq_item.sv:9 [compile index 145]
*** Error: UNDECLARED_IDENTIFIER: Identifier 'UVM_NORECORD' is not declared
    at line 9 in /home/esteban-sega/Desktop/Proyecto_2_UVM/Proyecto_2_UVM/DUT/UVM/seq_item.sv:9 [compile index 145]
*** Error: UNDECLARED_IDENTIFIER: Identifier 'UVM_PACK' is not declared
    at line 9 in /home/esteban-sega/Desktop/Proyecto_2_UVM/Proyecto_2_UVM/DUT/UVM/seq_item.sv:9 [compile index 145]
*** Error: UNDECLARED_IDENTIFIER: Identifier 'UVM_PRINT' is not declared
    at line 9 in /home/esteban-sega/Desktop/Proyecto_2_UVM/Proyecto_2_UVM/DUT/UVM/seq_item.sv:9 [compile index 145]
*** Error: UNDECLARED_IDENTIFIER: Identifier 'UVM_RADIX' is not declared
    at line 9 in /home/esteban-sega/Desktop/Proyecto_2_UVM/Proyecto_2_UVM/DUT/UVM/seq_item.sv:9 [compile index 145]
*** Error: UNDECLARED_IDENTIFIER: Identifier 'UVM_READONLY' is not declared
    at line 9 in /home/esteban-sega/Desktop/Proyecto_2_UVM/Proyecto_2_UVM/DUT/UVM/seq_item.sv:9 [compile index 145]
*** Error: UNDECLARED_IDENTIFIER: Identifier 'UVM_RECORD' is not declared
    at line 9 in /home/esteban-sega/Desktop/Proyecto_2_UVM/Proyecto_2_UVM/DUT/UVM/seq_item.sv:9 [compile index 145]
*** Error: UNDECLARED_IDENTIFIER: Identifier 'UVM_SETINT' is not declared
    at line 9 in /home/esteban-sega/Desktop/Proyecto_2_UVM/Proyecto_2_UVM/DUT/UVM/seq_item.sv:9 [compile index 145]
*** Error: UNDECLARED_IDENTIFIER: Identifier 'UVM_UNPACK' is not declared
    at line 9 in /home/esteban-sega/Desktop/Proyecto_2_UVM/Proyecto_2_UVM/DUT/UVM/seq_item.sv:9 [compile index 145]
*** Error: UNDECLARED_IDENTIFIER: Identifier '__m_uvm_status_container' is not declared
    at line 9 in /home/esteban-sega/Desktop/Proyecto_2_UVM/Proyecto_2_UVM/DUT/UVM/seq_item.sv:9 [compile index 145]
*** Error: UNDECLARED_IDENTIFIER: Identifier 'uvm_is_match' is not declared
    at line 9 in /home/esteban-sega/Desktop/Proyecto_2_UVM/Proyecto_2_UVM/DUT/UVM/seq_item.sv:9 [compile index 145]
*** Error: UNDECLARED_IDENTIFIER: Identifier 'uvm_radix_enum' is not declared
    at line 9 in /home/esteban-sega/Desktop/Proyecto_2_UVM/Proyecto_2_UVM/DUT/UVM/seq_item.sv:9 [compile index 145]
*** Error: UNDECLARED_IDENTIFIER: Identifier 'uvm_report_info' is not declared
    at line 9 in /home/esteban-sega/Desktop/Proyecto_2_UVM/Proyecto_2_UVM/DUT/UVM/seq_item.sv:9 [compile index 145]
*** Error: UNDECLARED_IDENTIFIER: Identifier 'uvm_report_warning' is not declared
    at line 9 in /home/esteban-sega/Desktop/Proyecto_2_UVM/Proyecto_2_UVM/DUT/UVM/seq_item.sv:9 [compile index 145]
*** Error: UNDECLARED_IDENTIFIER: Identifier 'wr_en' is not a member of 'local_data__' (type 'mem_seq_item' is undeclared)
    at line 9 in /home/esteban-sega/Desktop/Proyecto_2_UVM/Proyecto_2_UVM/DUT/UVM/seq_item.sv:9 [compile index 145]
*** Error: UNDECLARED_IDENTIFIER: Identifier 'wr_en' is not declared
    at line 9 in /home/esteban-sega/Desktop/Proyecto_2_UVM/Proyecto_2_UVM/DUT/UVM/seq_item.sv:9 [compile index 145]
*** Error: NON_EXISTING_TYPE: Non existing type 'uvm_object'
    at line 10 in /home/esteban-sega/Desktop/Proyecto_2_UVM/Proyecto_2_UVM/DUT/UVM/seq_item.sv:10 [compile index 145]
*** Error: UNDECLARED_IDENTIFIER: Identifier 'UVM_ALL_ON' is not declared
    at line 10 in /home/esteban-sega/Desktop/Proyecto_2_UVM/Proyecto_2_UVM/DUT/UVM/seq_item.sv:10 [compile index 145]
*** Error: UNDECLARED_IDENTIFIER: Identifier 'UVM_CHECK_FIELDS' is not declared
    at line 10 in /home/esteban-sega/Desktop/Proyecto_2_UVM/Proyecto_2_UVM/DUT/UVM/seq_item.sv:10 [compile index 145]
*** Error: UNDECLARED_IDENTIFIER: Identifier 'UVM_COMPARE' is not declared
    at line 10 in /home/esteban-sega/Desktop/Proyecto_2_UVM/Proyecto_2_UVM/DUT/UVM/seq_item.sv:10 [compile index 145]
*** Error: UNDECLARED_IDENTIFIER: Identifier 'UVM_COPY' is not declared
    at line 10 in /home/esteban-sega/Desktop/Proyecto_2_UVM/Proyecto_2_UVM/DUT/UVM/seq_item.sv:10 [compile index 145]
*** Error: UNDECLARED_IDENTIFIER: Identifier 'UVM_NOCOMPARE' is not declared
    at line 10 in /home/esteban-sega/Desktop/Proyecto_2_UVM/Proyecto_2_UVM/DUT/UVM/seq_item.sv:10 [compile index 145]
*** Error: UNDECLARED_IDENTIFIER: Identifier 'UVM_NOCOPY' is not declared
    at line 10 in /home/esteban-sega/Desktop/Proyecto_2_UVM/Proyecto_2_UVM/DUT/UVM/seq_item.sv:10 [compile index 145]
*** Error: UNDECLARED_IDENTIFIER: Identifier 'UVM_NONE' is not declared
    at line 10 in /home/esteban-sega/Desktop/Proyecto_2_UVM/Proyecto_2_UVM/DUT/UVM/seq_item.sv:10 [compile index 145]
*** Error: UNDECLARED_IDENTIFIER: Identifier 'UVM_NOPACK' is not declared
    at line 10 in /home/esteban-sega/Desktop/Proyecto_2_UVM/Proyecto_2_UVM/DUT/UVM/seq_item.sv:10 [compile index 145]
*** Error: UNDECLARED_IDENTIFIER: Identifier 'UVM_NOPRINT' is not declared
    at line 10 in /home/esteban-sega/Desktop/Proyecto_2_UVM/Proyecto_2_UVM/DUT/UVM/seq_item.sv:10 [compile index 145]
*** Error: UNDECLARED_IDENTIFIER: Identifier 'UVM_NORECORD' is not declared
    at line 10 in /home/esteban-sega/Desktop/Proyecto_2_UVM/Proyecto_2_UVM/DUT/UVM/seq_item.sv:10 [compile index 145]
*** Error: UNDECLARED_IDENTIFIER: Identifier 'UVM_PACK' is not declared
    at line 10 in /home/esteban-sega/Desktop/Proyecto_2_UVM/Proyecto_2_UVM/DUT/UVM/seq_item.sv:10 [compile index 145]
*** Error: UNDECLARED_IDENTIFIER: Identifier 'UVM_PRINT' is not declared
    at line 10 in /home/esteban-sega/Desktop/Proyecto_2_UVM/Proyecto_2_UVM/DUT/UVM/seq_item.sv:10 [compile index 145]
*** Error: UNDECLARED_IDENTIFIER: Identifier 'UVM_RADIX' is not declared
    at line 10 in /home/esteban-sega/Desktop/Proyecto_2_UVM/Proyecto_2_UVM/DUT/UVM/seq_item.sv:10 [compile index 145]
*** Error: UNDECLARED_IDENTIFIER: Identifier 'UVM_READONLY' is not declared
    at line 10 in /home/esteban-sega/Desktop/Proyecto_2_UVM/Proyecto_2_UVM/DUT/UVM/seq_item.sv:10 [compile index 145]
*** Error: UNDECLARED_IDENTIFIER: Identifier 'UVM_RECORD' is not declared
    at line 10 in /home/esteban-sega/Desktop/Proyecto_2_UVM/Proyecto_2_UVM/DUT/UVM/seq_item.sv:10 [compile index 145]
*** Error: UNDECLARED_IDENTIFIER: Identifier 'UVM_SETINT' is not declared
    at line 10 in /home/esteban-sega/Desktop/Proyecto_2_UVM/Proyecto_2_UVM/DUT/UVM/seq_item.sv:10 [compile index 145]
*** Error: UNDECLARED_IDENTIFIER: Identifier 'UVM_UNPACK' is not declared
    at line 10 in /home/esteban-sega/Desktop/Proyecto_2_UVM/Proyecto_2_UVM/DUT/UVM/seq_item.sv:10 [compile index 145]
*** Error: UNDECLARED_IDENTIFIER: Identifier '__m_uvm_status_container' is not declared
    at line 10 in /home/esteban-sega/Desktop/Proyecto_2_UVM/Proyecto_2_UVM/DUT/UVM/seq_item.sv:10 [compile index 145]
*** Error: UNDECLARED_IDENTIFIER: Identifier 'rd_en' is not a member of 'local_data__' (type 'mem_seq_item' is undeclared)
    at line 10 in /home/esteban-sega/Desktop/Proyecto_2_UVM/Proyecto_2_UVM/DUT/UVM/seq_item.sv:10 [compile index 145]
*** Error: UNDECLARED_IDENTIFIER: Identifier 'rd_en' is not declared
    at line 10 in /home/esteban-sega/Desktop/Proyecto_2_UVM/Proyecto_2_UVM/DUT/UVM/seq_item.sv:10 [compile index 145]
*** Error: UNDECLARED_IDENTIFIER: Identifier 'uvm_is_match' is not declared
    at line 10 in /home/esteban-sega/Desktop/Proyecto_2_UVM/Proyecto_2_UVM/DUT/UVM/seq_item.sv:10 [compile index 145]
*** Error: UNDECLARED_IDENTIFIER: Identifier 'uvm_radix_enum' is not declared
    at line 10 in /home/esteban-sega/Desktop/Proyecto_2_UVM/Proyecto_2_UVM/DUT/UVM/seq_item.sv:10 [compile index 145]
*** Error: UNDECLARED_IDENTIFIER: Identifier 'uvm_report_warning' is not declared
    at line 10 in /home/esteban-sega/Desktop/Proyecto_2_UVM/Proyecto_2_UVM/DUT/UVM/seq_item.sv:10 [compile index 145]
*** Error: UNDECLARED_IDENTIFIER: Identifier 'm_seq_item' is not declared
    at line 4 in /home/esteban-sega/Desktop/Proyecto_2_UVM/Proyecto_2_UVM/DUT/UVM/driver_rx.sv:4 [compile index 146]
*** Error: NON_EXISTING_TYPE: Non existing type 'md_rx_if'
    at line 8 in /home/esteban-sega/Desktop/Proyecto_2_UVM/Proyecto_2_UVM/DUT/UVM/driver_rx.sv:8 [compile index 146]
*** Error: NON_EXISTING_TYPE: Non existing type 'md_rx_if'
    at line 17 in /home/esteban-sega/Desktop/Proyecto_2_UVM/Proyecto_2_UVM/DUT/UVM/driver_rx.sv:17 [compile index 146]
*** Error: NON_EXISTING_TYPE: Non existing type 'm_seq_item'
    at line 24 in /home/esteban-sega/Desktop/Proyecto_2_UVM/Proyecto_2_UVM/DUT/UVM/driver_rx.sv:24 [compile index 146]
*** Error: UNDECLARED_IDENTIFIER: Identifier 'clk' is not a member of 'vif' (type 'md_rx_if' is undeclared)
    at line 27 in /home/esteban-sega/Desktop/Proyecto_2_UVM/Proyecto_2_UVM/DUT/UVM/driver_rx.sv:27 [compile index 146]
*** Error: UNDECLARED_IDENTIFIER: Identifier 'reset_n' is not a member of 'vif' (type 'md_rx_if' is undeclared)
    at line 28 in /home/esteban-sega/Desktop/Proyecto_2_UVM/Proyecto_2_UVM/DUT/UVM/driver_rx.sv:28 [compile index 146]
*** Error: UNDECLARED_IDENTIFIER: Identifier 'clk' is not a member of 'vif' (type 'md_rx_if' is undeclared)
    at line 29 in /home/esteban-sega/Desktop/Proyecto_2_UVM/Proyecto_2_UVM/DUT/UVM/driver_rx.sv:29 [compile index 146]
*** Error: NON_EXISTING_TYPE: Non existing type 'm_seq_item'
    at line 32 in /home/esteban-sega/Desktop/Proyecto_2_UVM/Proyecto_2_UVM/DUT/UVM/driver_rx.sv:32 [compile index 146]
*** Error: UNDECLARED_IDENTIFIER: Identifier 'md_rx_valid' is not a member of 'vif' (type 'md_rx_if' is undeclared)
    at line 41 in /home/esteban-sega/Desktop/Proyecto_2_UVM/Proyecto_2_UVM/DUT/UVM/driver_rx.sv:41 [compile index 146]
*** Error: UNDECLARED_IDENTIFIER: Identifier 'md_rx_data' is not a member of 'vif' (type 'md_rx_if' is undeclared)
    at line 42 in /home/esteban-sega/Desktop/Proyecto_2_UVM/Proyecto_2_UVM/DUT/UVM/driver_rx.sv:42 [compile index 146]
*** Error: UNDECLARED_IDENTIFIER: Identifier 'md_rx_offset' is not a member of 'vif' (type 'md_rx_if' is undeclared)
    at line 43 in /home/esteban-sega/Desktop/Proyecto_2_UVM/Proyecto_2_UVM/DUT/UVM/driver_rx.sv:43 [compile index 146]
*** Error: UNDECLARED_IDENTIFIER: Identifier 'md_rx_size' is not a member of 'vif' (type 'md_rx_if' is undeclared)
    at line 44 in /home/esteban-sega/Desktop/Proyecto_2_UVM/Proyecto_2_UVM/DUT/UVM/driver_rx.sv:44 [compile index 146]
*** Error: NON_EXISTING_TYPE: Non existing type 'm_seq_item'
    at line 48 in /home/esteban-sega/Desktop/Proyecto_2_UVM/Proyecto_2_UVM/DUT/UVM/driver_rx.sv:48 [compile index 146]
*** Error: UNDECLARED_IDENTIFIER: Identifier 'clk' is not a member of 'vif' (type 'md_rx_if' is undeclared)
    at line 50 in /home/esteban-sega/Desktop/Proyecto_2_UVM/Proyecto_2_UVM/DUT/UVM/driver_rx.sv:50 [compile index 146]
*** Error: UNDECLARED_IDENTIFIER: Identifier 'md_rx_valid' is not a member of 'vif' (type 'md_rx_if' is undeclared)
    at line 51 in /home/esteban-sega/Desktop/Proyecto_2_UVM/Proyecto_2_UVM/DUT/UVM/driver_rx.sv:51 [compile index 146]
*** Error: UNDECLARED_IDENTIFIER: Identifier 'md_rx_data' is not a member of 'vif' (type 'md_rx_if' is undeclared)
    at line 52 in /home/esteban-sega/Desktop/Proyecto_2_UVM/Proyecto_2_UVM/DUT/UVM/driver_rx.sv:52 [compile index 146]
*** Error: UNDECLARED_IDENTIFIER: Identifier 'data' is not a member of 'item' (type 'm_seq_item' is undeclared)
    at line 52 in /home/esteban-sega/Desktop/Proyecto_2_UVM/Proyecto_2_UVM/DUT/UVM/driver_rx.sv:52 [compile index 146]
*** Error: UNDECLARED_IDENTIFIER: Identifier 'md_rx_offset' is not a member of 'vif' (type 'md_rx_if' is undeclared)
    at line 53 in /home/esteban-sega/Desktop/Proyecto_2_UVM/Proyecto_2_UVM/DUT/UVM/driver_rx.sv:53 [compile index 146]
*** Error: UNDECLARED_IDENTIFIER: Identifier 'offset' is not a member of 'item' (type 'm_seq_item' is undeclared)
    at line 53 in /home/esteban-sega/Desktop/Proyecto_2_UVM/Proyecto_2_UVM/DUT/UVM/driver_rx.sv:53 [compile index 146]
*** Error: UNDECLARED_IDENTIFIER: Identifier 'md_rx_size' is not a member of 'vif' (type 'md_rx_if' is undeclared)
    at line 54 in /home/esteban-sega/Desktop/Proyecto_2_UVM/Proyecto_2_UVM/DUT/UVM/driver_rx.sv:54 [compile index 146]
*** Error: UNDECLARED_IDENTIFIER: Identifier 'size' is not a member of 'item' (type 'm_seq_item' is undeclared)
    at line 54 in /home/esteban-sega/Desktop/Proyecto_2_UVM/Proyecto_2_UVM/DUT/UVM/driver_rx.sv:54 [compile index 146]
*** Error: UNDECLARED_IDENTIFIER: Identifier 'clk' is not a member of 'vif' (type 'md_rx_if' is undeclared)
    at line 58 in /home/esteban-sega/Desktop/Proyecto_2_UVM/Proyecto_2_UVM/DUT/UVM/driver_rx.sv:58 [compile index 146]
*** Error: UNDECLARED_IDENTIFIER: Identifier 'md_rd_ready' is not a member of 'vif' (type 'md_rx_if' is undeclared)
    at line 59 in /home/esteban-sega/Desktop/Proyecto_2_UVM/Proyecto_2_UVM/DUT/UVM/driver_rx.sv:59 [compile index 146]
*** Error: UNDECLARED_IDENTIFIER: Identifier 'clk' is not a member of 'vif' (type 'md_rx_if' is undeclared)
    at line 60 in /home/esteban-sega/Desktop/Proyecto_2_UVM/Proyecto_2_UVM/DUT/UVM/driver_rx.sv:60 [compile index 146]
*** Error: UNDECLARED_IDENTIFIER: Identifier 'err' is not a member of 'item' (type 'm_seq_item' is undeclared)
    at line 63 in /home/esteban-sega/Desktop/Proyecto_2_UVM/Proyecto_2_UVM/DUT/UVM/driver_rx.sv:63 [compile index 146]
*** Error: UNDECLARED_IDENTIFIER: Identifier 'md_rx_err' is not a member of 'vif' (type 'md_rx_if' is undeclared)
    at line 63 in /home/esteban-sega/Desktop/Proyecto_2_UVM/Proyecto_2_UVM/DUT/UVM/driver_rx.sv:63 [compile index 146]
*** Error: UNDECLARED_IDENTIFIER: Identifier 'data' is not a member of 'item' (type 'm_seq_item' is undeclared)
    at line 65 in /home/esteban-sega/Desktop/Proyecto_2_UVM/Proyecto_2_UVM/DUT/UVM/driver_rx.sv:65 [compile index 146]
*** Error: UNDECLARED_IDENTIFIER: Identifier 'err' is not a member of 'item' (type 'm_seq_item' is undeclared)
    at line 65 in /home/esteban-sega/Desktop/Proyecto_2_UVM/Proyecto_2_UVM/DUT/UVM/driver_rx.sv:65 [compile index 146]
*** Error: UNDECLARED_IDENTIFIER: Identifier 'offset' is not a member of 'item' (type 'm_seq_item' is undeclared)
    at line 65 in /home/esteban-sega/Desktop/Proyecto_2_UVM/Proyecto_2_UVM/DUT/UVM/driver_rx.sv:65 [compile index 146]
*** Error: UNDECLARED_IDENTIFIER: Identifier 'size' is not a member of 'item' (type 'm_seq_item' is undeclared)
    at line 65 in /home/esteban-sega/Desktop/Proyecto_2_UVM/Proyecto_2_UVM/DUT/UVM/driver_rx.sv:65 [compile index 146]
*** Error: UNDECLARED_IDENTIFIER: Identifier 'clk' is not a member of 'vif' (type 'md_rx_if' is undeclared)
    at line 68 in /home/esteban-sega/Desktop/Proyecto_2_UVM/Proyecto_2_UVM/DUT/UVM/driver_rx.sv:68 [compile index 146]
*** Error: UNDECLARED_IDENTIFIER: Identifier 'm_seq_item' is not declared
    at line 4 in /home/esteban-sega/Desktop/Proyecto_2_UVM/Proyecto_2_UVM/DUT/UVM/driver_tx.sv:4 [compile index 148]
*** Error: NON_EXISTING_TYPE: Non existing type 'md_tx_if'
    at line 8 in /home/esteban-sega/Desktop/Proyecto_2_UVM/Proyecto_2_UVM/DUT/UVM/driver_tx.sv:8 [compile index 148]
*** Error: NON_EXISTING_TYPE: Non existing type 'md_rx_if'
    at line 17 in /home/esteban-sega/Desktop/Proyecto_2_UVM/Proyecto_2_UVM/DUT/UVM/driver_tx.sv:17 [compile index 148]
*** Error: NON_EXISTING_TYPE: Non existing type 'm_seq_item'
    at line 24 in /home/esteban-sega/Desktop/Proyecto_2_UVM/Proyecto_2_UVM/DUT/UVM/driver_tx.sv:24 [compile index 148]
*** Error: UNDECLARED_IDENTIFIER: Identifier 'clk' is not a member of 'vif' (type 'md_tx_if' is undeclared)
    at line 27 in /home/esteban-sega/Desktop/Proyecto_2_UVM/Proyecto_2_UVM/DUT/UVM/driver_tx.sv:27 [compile index 148]
*** Error: UNDECLARED_IDENTIFIER: Identifier 'reset_n' is not a member of 'vif' (type 'md_tx_if' is undeclared)
    at line 28 in /home/esteban-sega/Desktop/Proyecto_2_UVM/Proyecto_2_UVM/DUT/UVM/driver_tx.sv:28 [compile index 148]
*** Error: UNDECLARED_IDENTIFIER: Identifier 'clk' is not a member of 'vif' (type 'md_tx_if' is undeclared)
    at line 29 in /home/esteban-sega/Desktop/Proyecto_2_UVM/Proyecto_2_UVM/DUT/UVM/driver_tx.sv:29 [compile index 148]
*** Error: NON_EXISTING_TYPE: Non existing type 'm_seq_item'
    at line 32 in /home/esteban-sega/Desktop/Proyecto_2_UVM/Proyecto_2_UVM/DUT/UVM/driver_tx.sv:32 [compile index 148]
*** Error: UNDECLARED_IDENTIFIER: Identifier 'md_rx_ready' is not a member of 'vif' (type 'md_tx_if' is undeclared)
    at line 41 in /home/esteban-sega/Desktop/Proyecto_2_UVM/Proyecto_2_UVM/DUT/UVM/driver_tx.sv:41 [compile index 148]
*** Error: UNDECLARED_IDENTIFIER: Identifier 'md_rx_err' is not a member of 'vif' (type 'md_tx_if' is undeclared)
    at line 42 in /home/esteban-sega/Desktop/Proyecto_2_UVM/Proyecto_2_UVM/DUT/UVM/driver_tx.sv:42 [compile index 148]
*** Error: UNDECLARED_IDENTIFIER: Identifier 'clk' is not a member of 'vif' (type 'md_tx_if' is undeclared)
    at line 46 in /home/esteban-sega/Desktop/Proyecto_2_UVM/Proyecto_2_UVM/DUT/UVM/driver_tx.sv:46 [compile index 148]
*** Error: UNDECLARED_IDENTIFIER: Identifier 'md_tx_valid' is not a member of 'vif' (type 'md_tx_if' is undeclared)
    at line 47 in /home/esteban-sega/Desktop/Proyecto_2_UVM/Proyecto_2_UVM/DUT/UVM/driver_tx.sv:47 [compile index 148]
*** Error: UNDECLARED_IDENTIFIER: Identifier 'clk' is not a member of 'vif' (type 'md_tx_if' is undeclared)
    at line 48 in /home/esteban-sega/Desktop/Proyecto_2_UVM/Proyecto_2_UVM/DUT/UVM/driver_tx.sv:48 [compile index 148]
*** Error: UNDECLARED_IDENTIFIER: Identifier 'md_tx_ready' is not a member of 'vif' (type 'md_tx_if' is undeclared)
    at line 51 in /home/esteban-sega/Desktop/Proyecto_2_UVM/Proyecto_2_UVM/DUT/UVM/driver_tx.sv:51 [compile index 148]
*** Error: UNDECLARED_IDENTIFIER: Identifier 'md_tx_err' is not a member of 'vif' (type 'md_tx_if' is undeclared)
    at line 52 in /home/esteban-sega/Desktop/Proyecto_2_UVM/Proyecto_2_UVM/DUT/UVM/driver_tx.sv:52 [compile index 148]
*** Error: UNDECLARED_IDENTIFIER: Identifier 'item' is not declared
    at line 52 in /home/esteban-sega/Desktop/Proyecto_2_UVM/Proyecto_2_UVM/DUT/UVM/driver_tx.sv:52 [compile index 148]
*** Error: UNDECLARED_IDENTIFIER: Identifier 'clk' is not a member of 'vif' (type 'md_tx_if' is undeclared)
    at line 54 in /home/esteban-sega/Desktop/Proyecto_2_UVM/Proyecto_2_UVM/DUT/UVM/driver_tx.sv:54 [compile index 148]
*** Error: UNDECLARED_IDENTIFIER: Identifier 'item' is not declared
    at line 57 in /home/esteban-sega/Desktop/Proyecto_2_UVM/Proyecto_2_UVM/DUT/UVM/driver_tx.sv:57 [compile index 148]
*** Error: NON_EXISTING_TYPE: Non existing type 'md_rx_if'
    at line 7 in /home/esteban-sega/Desktop/Proyecto_2_UVM/Proyecto_2_UVM/DUT/UVM/monitor_rx.sv:7 [compile index 150]
*** Error: UNDECLARED_IDENTIFIER: Identifier 'm_seq_item' is not declared
    at line 10 in /home/esteban-sega/Desktop/Proyecto_2_UVM/Proyecto_2_UVM/DUT/UVM/monitor_rx.sv:10 [compile index 150]
*** Error: NON_EXISTING_TYPE: Non existing type 'md_rx_if'
    at line 21 in /home/esteban-sega/Desktop/Proyecto_2_UVM/Proyecto_2_UVM/DUT/UVM/monitor_rx.sv:21 [compile index 150]
*** Error: UNDECLARED_IDENTIFIER: Identifier 'clk' is not a member of 'vif' (type 'md_rx_if' is undeclared)
    at line 29 in /home/esteban-sega/Desktop/Proyecto_2_UVM/Proyecto_2_UVM/DUT/UVM/monitor_rx.sv:29 [compile index 150]
*** Error: UNDECLARED_IDENTIFIER: Identifier 'reset_n' is not a member of 'vif' (type 'md_rx_if' is undeclared)
    at line 30 in /home/esteban-sega/Desktop/Proyecto_2_UVM/Proyecto_2_UVM/DUT/UVM/monitor_rx.sv:30 [compile index 150]
*** Error: NON_EXISTING_TYPE: Non existing type 'm_seq_item'
    at line 41 in /home/esteban-sega/Desktop/Proyecto_2_UVM/Proyecto_2_UVM/DUT/UVM/monitor_rx.sv:41 [compile index 150]
*** Error: UNDECLARED_IDENTIFIER: Identifier 'clk' is not a member of 'vif' (type 'md_rx_if' is undeclared)
    at line 44 in /home/esteban-sega/Desktop/Proyecto_2_UVM/Proyecto_2_UVM/DUT/UVM/monitor_rx.sv:44 [compile index 150]
*** Error: UNDECLARED_IDENTIFIER: Identifier 'md_rx_valid' is not a member of 'vif' (type 'md_rx_if' is undeclared)
    at line 45 in /home/esteban-sega/Desktop/Proyecto_2_UVM/Proyecto_2_UVM/DUT/UVM/monitor_rx.sv:45 [compile index 150]
*** Error: UNDECLARED_IDENTIFIER: Identifier 'md_rx_ready' is not a member of 'vif' (type 'md_rx_if' is undeclared)
    at line 45 in /home/esteban-sega/Desktop/Proyecto_2_UVM/Proyecto_2_UVM/DUT/UVM/monitor_rx.sv:45 [compile index 150]
*** Error: UNDECLARED_IDENTIFIER: Identifier 'clk' is not a member of 'vif' (type 'md_rx_if' is undeclared)
    at line 46 in /home/esteban-sega/Desktop/Proyecto_2_UVM/Proyecto_2_UVM/DUT/UVM/monitor_rx.sv:46 [compile index 150]
*** Error: NON_EXISTING_TYPE: Non existing type 'm_seq_item'
    at line 50 in /home/esteban-sega/Desktop/Proyecto_2_UVM/Proyecto_2_UVM/DUT/UVM/monitor_rx.sv:50 [compile index 150]
*** Error: UNDECLARED_IDENTIFIER: Identifier 'data' is not a member of 'item' (type 'm_seq_item' is undeclared)
    at line 51 in /home/esteban-sega/Desktop/Proyecto_2_UVM/Proyecto_2_UVM/DUT/UVM/monitor_rx.sv:51 [compile index 150]
*** Error: UNDECLARED_IDENTIFIER: Identifier 'md_rx_data' is not a member of 'vif' (type 'md_rx_if' is undeclared)
    at line 51 in /home/esteban-sega/Desktop/Proyecto_2_UVM/Proyecto_2_UVM/DUT/UVM/monitor_rx.sv:51 [compile index 150]
*** Error: UNDECLARED_IDENTIFIER: Identifier 'offset' is not a member of 'item' (type 'm_seq_item' is undeclared)
    at line 52 in /home/esteban-sega/Desktop/Proyecto_2_UVM/Proyecto_2_UVM/DUT/UVM/monitor_rx.sv:52 [compile index 150]
*** Error: UNDECLARED_IDENTIFIER: Identifier 'md_rx_offset' is not a member of 'vif' (type 'md_rx_if' is undeclared)
    at line 52 in /home/esteban-sega/Desktop/Proyecto_2_UVM/Proyecto_2_UVM/DUT/UVM/monitor_rx.sv:52 [compile index 150]
*** Error: UNDECLARED_IDENTIFIER: Identifier 'size' is not a member of 'item' (type 'm_seq_item' is undeclared)
    at line 53 in /home/esteban-sega/Desktop/Proyecto_2_UVM/Proyecto_2_UVM/DUT/UVM/monitor_rx.sv:53 [compile index 150]
*** Error: UNDECLARED_IDENTIFIER: Identifier 'md_rx_size' is not a member of 'vif' (type 'md_rx_if' is undeclared)
    at line 53 in /home/esteban-sega/Desktop/Proyecto_2_UVM/Proyecto_2_UVM/DUT/UVM/monitor_rx.sv:53 [compile index 150]
*** Error: UNDECLARED_IDENTIFIER: Identifier 'err' is not a member of 'item' (type 'm_seq_item' is undeclared)
    at line 54 in /home/esteban-sega/Desktop/Proyecto_2_UVM/Proyecto_2_UVM/DUT/UVM/monitor_rx.sv:54 [compile index 150]
*** Error: UNDECLARED_IDENTIFIER: Identifier 'md_rx_err' is not a member of 'vif' (type 'md_rx_if' is undeclared)
    at line 54 in /home/esteban-sega/Desktop/Proyecto_2_UVM/Proyecto_2_UVM/DUT/UVM/monitor_rx.sv:54 [compile index 150]
*** Error: UNDECLARED_IDENTIFIER: Identifier 'data' is not a member of 'item' (type 'm_seq_item' is undeclared)
    at line 56 in /home/esteban-sega/Desktop/Proyecto_2_UVM/Proyecto_2_UVM/DUT/UVM/monitor_rx.sv:56 [compile index 150]
*** Error: UNDECLARED_IDENTIFIER: Identifier 'err' is not a member of 'item' (type 'm_seq_item' is undeclared)
    at line 56 in /home/esteban-sega/Desktop/Proyecto_2_UVM/Proyecto_2_UVM/DUT/UVM/monitor_rx.sv:56 [compile index 150]
*** Error: UNDECLARED_IDENTIFIER: Identifier 'offset' is not a member of 'item' (type 'm_seq_item' is undeclared)
    at line 56 in /home/esteban-sega/Desktop/Proyecto_2_UVM/Proyecto_2_UVM/DUT/UVM/monitor_rx.sv:56 [compile index 150]
*** Error: UNDECLARED_IDENTIFIER: Identifier 'size' is not a member of 'item' (type 'm_seq_item' is undeclared)
    at line 56 in /home/esteban-sega/Desktop/Proyecto_2_UVM/Proyecto_2_UVM/DUT/UVM/monitor_rx.sv:56 [compile index 150]
*** Error: UNDECLARED_IDENTIFIER: Identifier 'm_seq_item' is not declared
    at line 8 in /home/esteban-sega/Desktop/Proyecto_2_UVM/Proyecto_2_UVM/DUT/UVM/monitor_tx.sv:8 [compile index 152]
*** Error: NON_EXISTING_TYPE: Non existing type 'md_tx_if'
    at line 10 in /home/esteban-sega/Desktop/Proyecto_2_UVM/Proyecto_2_UVM/DUT/UVM/monitor_tx.sv:10 [compile index 152]
*** Error: NON_EXISTING_TYPE: Non existing type 'md_tx_if'
    at line 19 in /home/esteban-sega/Desktop/Proyecto_2_UVM/Proyecto_2_UVM/DUT/UVM/monitor_tx.sv:19 [compile index 152]
*** Error: UNDECLARED_IDENTIFIER: Identifier 'clk' is not a member of 'vif' (type 'md_tx_if' is undeclared)
    at line 23 in /home/esteban-sega/Desktop/Proyecto_2_UVM/Proyecto_2_UVM/DUT/UVM/monitor_tx.sv:23 [compile index 152]
*** Error: UNDECLARED_IDENTIFIER: Identifier 'reset_n' is not a member of 'vif' (type 'md_tx_if' is undeclared)
    at line 24 in /home/esteban-sega/Desktop/Proyecto_2_UVM/Proyecto_2_UVM/DUT/UVM/monitor_tx.sv:24 [compile index 152]
*** Error: NON_EXISTING_TYPE: Non existing type 'm_seq_item'
    at line 33 in /home/esteban-sega/Desktop/Proyecto_2_UVM/Proyecto_2_UVM/DUT/UVM/monitor_tx.sv:33 [compile index 152]
*** Error: UNDECLARED_IDENTIFIER: Identifier 'clk' is not a member of 'vif' (type 'md_tx_if' is undeclared)
    at line 36 in /home/esteban-sega/Desktop/Proyecto_2_UVM/Proyecto_2_UVM/DUT/UVM/monitor_tx.sv:36 [compile index 152]
*** Error: UNDECLARED_IDENTIFIER: Identifier 'md_rx_valid' is not a member of 'vif' (type 'md_tx_if' is undeclared)
    at line 37 in /home/esteban-sega/Desktop/Proyecto_2_UVM/Proyecto_2_UVM/DUT/UVM/monitor_tx.sv:37 [compile index 152]
*** Error: UNDECLARED_IDENTIFIER: Identifier 'md_rx_ready' is not a member of 'vif' (type 'md_tx_if' is undeclared)
    at line 37 in /home/esteban-sega/Desktop/Proyecto_2_UVM/Proyecto_2_UVM/DUT/UVM/monitor_tx.sv:37 [compile index 152]
*** Error: UNDECLARED_IDENTIFIER: Identifier 'clk' is not a member of 'vif' (type 'md_tx_if' is undeclared)
    at line 38 in /home/esteban-sega/Desktop/Proyecto_2_UVM/Proyecto_2_UVM/DUT/UVM/monitor_tx.sv:38 [compile index 152]
*** Error: NON_EXISTING_TYPE: Non existing type 'm_seq_item'
    at line 42 in /home/esteban-sega/Desktop/Proyecto_2_UVM/Proyecto_2_UVM/DUT/UVM/monitor_tx.sv:42 [compile index 152]
*** Error: UNDECLARED_IDENTIFIER: Identifier 'data' is not a member of 'item' (type 'm_seq_item' is undeclared)
    at line 43 in /home/esteban-sega/Desktop/Proyecto_2_UVM/Proyecto_2_UVM/DUT/UVM/monitor_tx.sv:43 [compile index 152]
*** Error: UNDECLARED_IDENTIFIER: Identifier 'md_rx_data' is not a member of 'vif' (type 'md_tx_if' is undeclared)
    at line 43 in /home/esteban-sega/Desktop/Proyecto_2_UVM/Proyecto_2_UVM/DUT/UVM/monitor_tx.sv:43 [compile index 152]
*** Error: UNDECLARED_IDENTIFIER: Identifier 'offset' is not a member of 'item' (type 'm_seq_item' is undeclared)
    at line 44 in /home/esteban-sega/Desktop/Proyecto_2_UVM/Proyecto_2_UVM/DUT/UVM/monitor_tx.sv:44 [compile index 152]
*** Error: UNDECLARED_IDENTIFIER: Identifier 'md_rx_offset' is not a member of 'vif' (type 'md_tx_if' is undeclared)
    at line 44 in /home/esteban-sega/Desktop/Proyecto_2_UVM/Proyecto_2_UVM/DUT/UVM/monitor_tx.sv:44 [compile index 152]
*** Error: UNDECLARED_IDENTIFIER: Identifier 'size' is not a member of 'item' (type 'm_seq_item' is undeclared)
    at line 45 in /home/esteban-sega/Desktop/Proyecto_2_UVM/Proyecto_2_UVM/DUT/UVM/monitor_tx.sv:45 [compile index 152]
*** Error: UNDECLARED_IDENTIFIER: Identifier 'md_rx_size' is not a member of 'vif' (type 'md_tx_if' is undeclared)
    at line 45 in /home/esteban-sega/Desktop/Proyecto_2_UVM/Proyecto_2_UVM/DUT/UVM/monitor_tx.sv:45 [compile index 152]
*** Error: UNDECLARED_IDENTIFIER: Identifier 'err' is not a member of 'item' (type 'm_seq_item' is undeclared)
    at line 46 in /home/esteban-sega/Desktop/Proyecto_2_UVM/Proyecto_2_UVM/DUT/UVM/monitor_tx.sv:46 [compile index 152]
*** Error: UNDECLARED_IDENTIFIER: Identifier 'md_rx_err' is not a member of 'vif' (type 'md_tx_if' is undeclared)
    at line 46 in /home/esteban-sega/Desktop/Proyecto_2_UVM/Proyecto_2_UVM/DUT/UVM/monitor_tx.sv:46 [compile index 152]
*** Error: UNDECLARED_IDENTIFIER: Identifier 'data' is not a member of 'item' (type 'm_seq_item' is undeclared)
    at line 48 in /home/esteban-sega/Desktop/Proyecto_2_UVM/Proyecto_2_UVM/DUT/UVM/monitor_tx.sv:48 [compile index 152]
*** Error: UNDECLARED_IDENTIFIER: Identifier 'err' is not a member of 'item' (type 'm_seq_item' is undeclared)
    at line 48 in /home/esteban-sega/Desktop/Proyecto_2_UVM/Proyecto_2_UVM/DUT/UVM/monitor_tx.sv:48 [compile index 152]
*** Error: UNDECLARED_IDENTIFIER: Identifier 'offset' is not a member of 'item' (type 'm_seq_item' is undeclared)
    at line 48 in /home/esteban-sega/Desktop/Proyecto_2_UVM/Proyecto_2_UVM/DUT/UVM/monitor_tx.sv:48 [compile index 152]
*** Error: UNDECLARED_IDENTIFIER: Identifier 'size' is not a member of 'item' (type 'm_seq_item' is undeclared)
    at line 48 in /home/esteban-sega/Desktop/Proyecto_2_UVM/Proyecto_2_UVM/DUT/UVM/monitor_tx.sv:48 [compile index 152]
*** Error: UNDECLARED_IDENTIFIER: Identifier 'm_seq_item' is not declared
    at line 7 in /home/esteban-sega/Desktop/Proyecto_2_UVM/Proyecto_2_UVM/DUT/UVM/scoreboard.sv:7 [compile index 154]
*** Error: UNDECLARED_IDENTIFIER: Identifier 'm_seq_item' is not declared
    at line 15 in /home/esteban-sega/Desktop/Proyecto_2_UVM/Proyecto_2_UVM/DUT/UVM/scoreboard.sv:15 [compile index 154]
*** Error: NON_EXISTING_TYPE: Non existing type 'm_seq_item'
    at line 19 in /home/esteban-sega/Desktop/Proyecto_2_UVM/Proyecto_2_UVM/DUT/UVM/scoreboard.sv:19 [compile index 154]
*** Error: UNDECLARED_IDENTIFIER: Identifier 'm_seq_item' is not a member of 'm_seq_item' (type 'm_seq_item' is undeclared)
    at line 20 in /home/esteban-sega/Desktop/Proyecto_2_UVM/Proyecto_2_UVM/DUT/UVM/scoreboard.sv:20 [compile index 154]
*** Warning: EXTRA_ARG_FORMAT_SPEC: Extra argument 'm_seq_item.m_seq_item' when calling '$sformatf'
    at line 20 in /home/esteban-sega/Desktop/Proyecto_2_UVM/Proyecto_2_UVM/DUT/UVM/scoreboard.sv:20 [compile index 154]
*** Error: UNDECLARED_IDENTIFIER: Identifier 'm_seq_item' is not declared
    at line 10 in /home/esteban-sega/Desktop/Proyecto_2_UVM/Proyecto_2_UVM/DUT/UVM/agent_rx.sv:10 [compile index 156]
*** Error: UNDECLARED_IDENTIFIER: Identifier 'm_seq_item' is not declared
    at line 12 in /home/esteban-sega/Desktop/Proyecto_2_UVM/Proyecto_2_UVM/DUT/UVM/agent_rx.sv:12 [compile index 156]
*** Error: UNDECLARED_IDENTIFIER: Identifier 'm_seq_item' is not declared
    at line 27 in /home/esteban-sega/Desktop/Proyecto_2_UVM/Proyecto_2_UVM/DUT/UVM/agent_rx.sv:27 [compile index 156]
*** Error: UNDECLARED_IDENTIFIER: Identifier 'm_monitor_tx' is not declared
    at line 34 in /home/esteban-sega/Desktop/Proyecto_2_UVM/Proyecto_2_UVM/DUT/UVM/agent_rx.sv:34 [compile index 156]
*** Error: UNDECLARED_IDENTIFIER: Identifier 'm_seq_item' is not declared
    at line 10 in /home/esteban-sega/Desktop/Proyecto_2_UVM/Proyecto_2_UVM/DUT/UVM/agent_tx.sv:10 [compile index 158]
*** Error: UNDECLARED_IDENTIFIER: Identifier 'm_seq_item' is not declared
    at line 12 in /home/esteban-sega/Desktop/Proyecto_2_UVM/Proyecto_2_UVM/DUT/UVM/agent_tx.sv:12 [compile index 158]
*** Error: UNDECLARED_IDENTIFIER: Identifier 'm_monitor_rx' is not declared
    at line 23 in /home/esteban-sega/Desktop/Proyecto_2_UVM/Proyecto_2_UVM/DUT/UVM/agent_tx.sv:23 [compile index 158]
*** Error: UNDECLARED_IDENTIFIER: Identifier 'm_seq_item' is not declared
    at line 27 in /home/esteban-sega/Desktop/Proyecto_2_UVM/Proyecto_2_UVM/DUT/UVM/agent_tx.sv:27 [compile index 158]
*** Error: UNDECLARED_IDENTIFIER: Identifier 'analysis_port' is not a member of 'm_monitor_tx'
    at line 33 in /home/esteban-sega/Desktop/Proyecto_2_UVM/Proyecto_2_UVM/DUT/UVM/agent_tx.sv:33 [compile index 158]
*** Warning: UNELABORATED_PACKAGE: Package 'work.uvm_pkg' is not elaborated
    at line 28 in /home/esteban-sega/.vscode/extensions/amiq.dvt-26.1.9-linux-x64/dvt_home/common/predefined_projects/libs/uvm-1.2/src/uvm_pkg.sv:28 [compile index 1]
*** Error: EXTEND_CLASS: Extending non existing class 'uvm_sequence_item'
    at line 1 in /home/esteban-sega/Desktop/Proyecto_2_UVM/Proyecto_2_UVM/DUT/UVM/seq_item.sv:1 [compile index 145]
Performing mixed post full build step (VLOG - RD) [46 ms] ...
Performing mixed post full build step (VLOG - US) [51 ms] ...
*** Warning: DUPLICATE_TYPEDEF: Duplicate typedef 'type_id', already declared
    at line 2 in /home/esteban-sega/Desktop/Proyecto_2_UVM/Proyecto_2_UVM/DUT/UVM/seq_item.sv
    at line 7 in /home/esteban-sega/Desktop/Proyecto_2_UVM/Proyecto_2_UVM/DUT/UVM/seq_item.sv:7 [compile index 145]
*** Warning: DUPLICATE_ARGUMENT: Duplicate argument 'name', already declared
    at line 2 in /home/esteban-sega/Desktop/Proyecto_2_UVM/Proyecto_2_UVM/DUT/UVM/seq_item.sv
    at line 7 in /home/esteban-sega/Desktop/Proyecto_2_UVM/Proyecto_2_UVM/DUT/UVM/seq_item.sv:7 [compile index 145]
*** Warning: DUPLICATE_ARGUMENT: Duplicate argument 'str__', already declared
    at line 2 in /home/esteban-sega/Desktop/Proyecto_2_UVM/Proyecto_2_UVM/DUT/UVM/seq_item.sv
    at line 7 in /home/esteban-sega/Desktop/Proyecto_2_UVM/Proyecto_2_UVM/DUT/UVM/seq_item.sv:7 [compile index 145]
*** Warning: DUPLICATE_ARGUMENT: Duplicate argument 'tmp_data__', already declared
    at line 2 in /home/esteban-sega/Desktop/Proyecto_2_UVM/Proyecto_2_UVM/DUT/UVM/seq_item.sv
    at line 7 in /home/esteban-sega/Desktop/Proyecto_2_UVM/Proyecto_2_UVM/DUT/UVM/seq_item.sv:7 [compile index 145]
*** Warning: DUPLICATE_ARGUMENT: Duplicate argument 'what__', already declared
    at line 2 in /home/esteban-sega/Desktop/Proyecto_2_UVM/Proyecto_2_UVM/DUT/UVM/seq_item.sv
    at line 7 in /home/esteban-sega/Desktop/Proyecto_2_UVM/Proyecto_2_UVM/DUT/UVM/seq_item.sv:7 [compile index 145]
*** Warning: DUPLICATE_FIELD: Duplicate field 'type_name', already declared
    at line 2 in /home/esteban-sega/Desktop/Proyecto_2_UVM/Proyecto_2_UVM/DUT/UVM/seq_item.sv
    at line 7 in /home/esteban-sega/Desktop/Proyecto_2_UVM/Proyecto_2_UVM/DUT/UVM/seq_item.sv:7 [compile index 145]
*** Warning: DUPLICATE_FUNCTION: Duplicate function '__m_uvm_field_automation', already declared
    at line 2 in /home/esteban-sega/Desktop/Proyecto_2_UVM/Proyecto_2_UVM/DUT/UVM/seq_item.sv
    at line 7 in /home/esteban-sega/Desktop/Proyecto_2_UVM/Proyecto_2_UVM/DUT/UVM/seq_item.sv:7 [compile index 145]
*** Warning: DUPLICATE_FUNCTION: Duplicate function 'create', already declared
    at line 2 in /home/esteban-sega/Desktop/Proyecto_2_UVM/Proyecto_2_UVM/DUT/UVM/seq_item.sv
    at line 7 in /home/esteban-sega/Desktop/Proyecto_2_UVM/Proyecto_2_UVM/DUT/UVM/seq_item.sv:7 [compile index 145]
*** Warning: DUPLICATE_FUNCTION: Duplicate function 'get_object_type', already declared
    at line 2 in /home/esteban-sega/Desktop/Proyecto_2_UVM/Proyecto_2_UVM/DUT/UVM/seq_item.sv
    at line 7 in /home/esteban-sega/Desktop/Proyecto_2_UVM/Proyecto_2_UVM/DUT/UVM/seq_item.sv:7 [compile index 145]
*** Warning: DUPLICATE_FUNCTION: Duplicate function 'get_type', already declared
    at line 2 in /home/esteban-sega/Desktop/Proyecto_2_UVM/Proyecto_2_UVM/DUT/UVM/seq_item.sv
    at line 7 in /home/esteban-sega/Desktop/Proyecto_2_UVM/Proyecto_2_UVM/DUT/UVM/seq_item.sv:7 [compile index 145]
*** Warning: DUPLICATE_FUNCTION: Duplicate function 'get_type_name', already declared
    at line 2 in /home/esteban-sega/Desktop/Proyecto_2_UVM/Proyecto_2_UVM/DUT/UVM/seq_item.sv
    at line 7 in /home/esteban-sega/Desktop/Proyecto_2_UVM/Proyecto_2_UVM/DUT/UVM/seq_item.sv:7 [compile index 145]
*** Warning: DUPLICATE_VARIABLE: Duplicate variable 'tmp', already declared
    at line 2 in /home/esteban-sega/Desktop/Proyecto_2_UVM/Proyecto_2_UVM/DUT/UVM/seq_item.sv
    at line 7 in /home/esteban-sega/Desktop/Proyecto_2_UVM/Proyecto_2_UVM/DUT/UVM/seq_item.sv:7 [compile index 145]
*** Done mixed mode extension build [3s.797ms] ***
*** Total build time [8s.746ms] ***
