*** Start analyzing build configuration ***
INFO: Auto-config - Scanning: C:\Users\segur\OneDrive\Escritorio\Proyecto_2_UVM\Proyecto_2_UVM\Proyecto
INFO: Auto-config - VLOG: C:\Users\segur\OneDrive\Escritorio\Proyecto_2_UVM\Proyecto_2_UVM\Proyecto
INFO: Auto-config - Wrote:
    .dvt\default.build.auto.1
*** List of included argument files ***
    Build configuration file:  C:\Users\segur\OneDrive\Escritorio\Proyecto_2_UVM\Proyecto_2_UVM\Proyecto\.dvt\default.build
    -f c:\Users\segur\OneDrive\Escritorio\Proyecto_2_UVM\Proyecto_2_UVM\Proyecto\.dvt\default.build.auto.1
*** List of invocations ***
Invocation #1 +dvt_init+dvt in c:\Users\segur\OneDrive\Escritorio\Proyecto_2_UVM\Proyecto_2_UVM\Proyecto\.dvt\default.build.auto.1 at line 9
*** Error: BUILD_CONFIG: [AUTO] Unresolved includes
    at line 17 in C:\Users\segur\OneDrive\Escritorio\Proyecto_2_UVM\Proyecto_2_UVM\Proyecto\.dvt\default.build.auto.1:17 [invocation 1]
*** Warning: BUILD_CONFIG: $UVM_HOME environment variable not set, falling back to $DVT_UVM_HOME
    at line 11 in C:\Users\segur\OneDrive\Escritorio\Proyecto_2_UVM\Proyecto_2_UVM\Proyecto\.dvt\default.build.auto.1:11 [invocation 1]
*** Done analyzing build configuration [238 ms] ***

*** Start SystemVerilog build ***
*** Invocation #1***
*** IMPLICIT INVOCATION - NOTHING TO COMPILE
*** Done parsing invocation #1
*** Invocation #2***
Loading (1) C:\Users\segur\.vscode\extensions\amiq.dvt-26.1.11-win32-x64\dvt_home\common\predefined_projects\libs\uvm-1.2\src\uvm_pkg.sv ...
Loading (2) C:\Users\segur\.vscode\extensions\amiq.dvt-26.1.11-win32-x64\dvt_home\common\predefined_projects\libs\uvm-1.2\src\uvm_macros.svh ...
Loading (3) C:\Users\segur\.vscode\extensions\amiq.dvt-26.1.11-win32-x64\dvt_home\common\predefined_projects\libs\uvm-1.2\src\macros\uvm_version_defines.svh ...
Done C:\Users\segur\.vscode\extensions\amiq.dvt-26.1.11-win32-x64\dvt_home\common\predefined_projects\libs\uvm-1.2\src\macros\uvm_version_defines.svh [0 ms, 151 lines, SystemVerilog_2012] ...
Loading (4) C:\Users\segur\.vscode\extensions\amiq.dvt-26.1.11-win32-x64\dvt_home\common\predefined_projects\libs\uvm-1.2\src\macros\uvm_global_defines.svh ...
Done C:\Users\segur\.vscode\extensions\amiq.dvt-26.1.11-win32-x64\dvt_home\common\predefined_projects\libs\uvm-1.2\src\macros\uvm_global_defines.svh [0 ms, 61 lines, SystemVerilog_2012] ...
Loading (5) C:\Users\segur\.vscode\extensions\amiq.dvt-26.1.11-win32-x64\dvt_home\common\predefined_projects\libs\uvm-1.2\src\macros\uvm_message_defines.svh ...
Done C:\Users\segur\.vscode\extensions\amiq.dvt-26.1.11-win32-x64\dvt_home\common\predefined_projects\libs\uvm-1.2\src\macros\uvm_message_defines.svh [0 ms, 539 lines, SystemVerilog_2012] ...
Loading (6) C:\Users\segur\.vscode\extensions\amiq.dvt-26.1.11-win32-x64\dvt_home\common\predefined_projects\libs\uvm-1.2\src\macros\uvm_phase_defines.svh ...
Done C:\Users\segur\.vscode\extensions\amiq.dvt-26.1.11-win32-x64\dvt_home\common\predefined_projects\libs\uvm-1.2\src\macros\uvm_phase_defines.svh [0 ms, 130 lines, SystemVerilog_2012] ...
Loading (7) C:\Users\segur\.vscode\extensions\amiq.dvt-26.1.11-win32-x64\dvt_home\common\predefined_projects\libs\uvm-1.2\src\macros\uvm_object_defines.svh ...
Done C:\Users\segur\.vscode\extensions\amiq.dvt-26.1.11-win32-x64\dvt_home\common\predefined_projects\libs\uvm-1.2\src\macros\uvm_object_defines.svh [51 ms, 3815 lines, SystemVerilog_2012] ...
Loading (8) C:\Users\segur\.vscode\extensions\amiq.dvt-26.1.11-win32-x64\dvt_home\common\predefined_projects\libs\uvm-1.2\src\macros\uvm_printer_defines.svh ...
Done C:\Users\segur\.vscode\extensions\amiq.dvt-26.1.11-win32-x64\dvt_home\common\predefined_projects\libs\uvm-1.2\src\macros\uvm_printer_defines.svh [0 ms, 423 lines, SystemVerilog_2012] ...
Loading (9) C:\Users\segur\.vscode\extensions\amiq.dvt-26.1.11-win32-x64\dvt_home\common\predefined_projects\libs\uvm-1.2\src\macros\uvm_tlm_defines.svh ...
Loading (10) C:\Users\segur\.vscode\extensions\amiq.dvt-26.1.11-win32-x64\dvt_home\common\predefined_projects\libs\uvm-1.2\src\tlm1\uvm_tlm_imps.svh ...
Done C:\Users\segur\.vscode\extensions\amiq.dvt-26.1.11-win32-x64\dvt_home\common\predefined_projects\libs\uvm-1.2\src\tlm1\uvm_tlm_imps.svh [0 ms, 229 lines, SystemVerilog_2012] ...
Done C:\Users\segur\.vscode\extensions\amiq.dvt-26.1.11-win32-x64\dvt_home\common\predefined_projects\libs\uvm-1.2\src\macros\uvm_tlm_defines.svh [50 ms, 617 lines, SystemVerilog_2012] ...
Loading (11) C:\Users\segur\.vscode\extensions\amiq.dvt-26.1.11-win32-x64\dvt_home\common\predefined_projects\libs\uvm-1.2\src\macros\uvm_sequence_defines.svh ...
Done C:\Users\segur\.vscode\extensions\amiq.dvt-26.1.11-win32-x64\dvt_home\common\predefined_projects\libs\uvm-1.2\src\macros\uvm_sequence_defines.svh [1 ms, 456 lines, SystemVerilog_2012] ...
Loading (12) C:\Users\segur\.vscode\extensions\amiq.dvt-26.1.11-win32-x64\dvt_home\common\predefined_projects\libs\uvm-1.2\src\macros\uvm_callback_defines.svh ...
Done C:\Users\segur\.vscode\extensions\amiq.dvt-26.1.11-win32-x64\dvt_home\common\predefined_projects\libs\uvm-1.2\src\macros\uvm_callback_defines.svh [0 ms, 301 lines, SystemVerilog_2012] ...
Loading (13) C:\Users\segur\.vscode\extensions\amiq.dvt-26.1.11-win32-x64\dvt_home\common\predefined_projects\libs\uvm-1.2\src\macros\uvm_reg_defines.svh ...
Done C:\Users\segur\.vscode\extensions\amiq.dvt-26.1.11-win32-x64\dvt_home\common\predefined_projects\libs\uvm-1.2\src\macros\uvm_reg_defines.svh [0 ms, 69 lines, SystemVerilog_2012] ...
Loading (14) C:\Users\segur\.vscode\extensions\amiq.dvt-26.1.11-win32-x64\dvt_home\common\predefined_projects\libs\uvm-1.2\src\macros\uvm_deprecated_defines.svh ...
Done C:\Users\segur\.vscode\extensions\amiq.dvt-26.1.11-win32-x64\dvt_home\common\predefined_projects\libs\uvm-1.2\src\macros\uvm_deprecated_defines.svh [0 ms, 252 lines, SystemVerilog_2012] ...
Done C:\Users\segur\.vscode\extensions\amiq.dvt-26.1.11-win32-x64\dvt_home\common\predefined_projects\libs\uvm-1.2\src\uvm_macros.svh [2 ms, 82 lines, SystemVerilog_2012] ...
Loading (15) C:\Users\segur\.vscode\extensions\amiq.dvt-26.1.11-win32-x64\dvt_home\common\predefined_projects\libs\uvm-1.2\src\dpi\uvm_dpi.svh ...
Loading (16) C:\Users\segur\.vscode\extensions\amiq.dvt-26.1.11-win32-x64\dvt_home\common\predefined_projects\libs\uvm-1.2\src\dpi\uvm_hdl.svh ...
Done C:\Users\segur\.vscode\extensions\amiq.dvt-26.1.11-win32-x64\dvt_home\common\predefined_projects\libs\uvm-1.2\src\dpi\uvm_hdl.svh [66 ms, 164 lines, SystemVerilog_2012] ...
Loading (17) C:\Users\segur\.vscode\extensions\amiq.dvt-26.1.11-win32-x64\dvt_home\common\predefined_projects\libs\uvm-1.2\src\dpi\uvm_svcmd_dpi.svh ...
Done C:\Users\segur\.vscode\extensions\amiq.dvt-26.1.11-win32-x64\dvt_home\common\predefined_projects\libs\uvm-1.2\src\dpi\uvm_svcmd_dpi.svh [3 ms, 66 lines, SystemVerilog_2012] ...
Loading (18) C:\Users\segur\.vscode\extensions\amiq.dvt-26.1.11-win32-x64\dvt_home\common\predefined_projects\libs\uvm-1.2\src\dpi\uvm_regex.svh ...
Done C:\Users\segur\.vscode\extensions\amiq.dvt-26.1.11-win32-x64\dvt_home\common\predefined_projects\libs\uvm-1.2\src\dpi\uvm_regex.svh [1 ms, 89 lines, SystemVerilog_2012] ...
Done C:\Users\segur\.vscode\extensions\amiq.dvt-26.1.11-win32-x64\dvt_home\common\predefined_projects\libs\uvm-1.2\src\dpi\uvm_dpi.svh [0 ms, 44 lines, SystemVerilog_2012] ...
Loading (19) C:\Users\segur\.vscode\extensions\amiq.dvt-26.1.11-win32-x64\dvt_home\common\predefined_projects\libs\uvm-1.2\src\base\uvm_base.svh ...
Loading (20) C:\Users\segur\.vscode\extensions\amiq.dvt-26.1.11-win32-x64\dvt_home\common\predefined_projects\libs\uvm-1.2\src\base\uvm_coreservice.svh ...
Done C:\Users\segur\.vscode\extensions\amiq.dvt-26.1.11-win32-x64\dvt_home\common\predefined_projects\libs\uvm-1.2\src\base\uvm_coreservice.svh [27 ms, 224 lines, SystemVerilog_2012] ...
Loading (21) C:\Users\segur\.vscode\extensions\amiq.dvt-26.1.11-win32-x64\dvt_home\common\predefined_projects\libs\uvm-1.2\src\base\uvm_version.svh ...
Done C:\Users\segur\.vscode\extensions\amiq.dvt-26.1.11-win32-x64\dvt_home\common\predefined_projects\libs\uvm-1.2\src\base\uvm_version.svh [1 ms, 39 lines, SystemVerilog_2012] ...
Loading (22) C:\Users\segur\.vscode\extensions\amiq.dvt-26.1.11-win32-x64\dvt_home\common\predefined_projects\libs\uvm-1.2\src\base\uvm_object_globals.svh ...
Done C:\Users\segur\.vscode\extensions\amiq.dvt-26.1.11-win32-x64\dvt_home\common\predefined_projects\libs\uvm-1.2\src\base\uvm_object_globals.svh [21 ms, 658 lines, SystemVerilog_2012] ...
Loading (23) C:\Users\segur\.vscode\extensions\amiq.dvt-26.1.11-win32-x64\dvt_home\common\predefined_projects\libs\uvm-1.2\src\base\uvm_misc.svh ...
Done C:\Users\segur\.vscode\extensions\amiq.dvt-26.1.11-win32-x64\dvt_home\common\predefined_projects\libs\uvm-1.2\src\base\uvm_misc.svh [91 ms, 754 lines, SystemVerilog_2012] ...
Loading (24) C:\Users\segur\.vscode\extensions\amiq.dvt-26.1.11-win32-x64\dvt_home\common\predefined_projects\libs\uvm-1.2\src\base\uvm_object.svh ...
Done C:\Users\segur\.vscode\extensions\amiq.dvt-26.1.11-win32-x64\dvt_home\common\predefined_projects\libs\uvm-1.2\src\base\uvm_object.svh [54 ms, 1331 lines, SystemVerilog_2012] ...
Loading (25) C:\Users\segur\.vscode\extensions\amiq.dvt-26.1.11-win32-x64\dvt_home\common\predefined_projects\libs\uvm-1.2\src\base\uvm_pool.svh ...
Done C:\Users\segur\.vscode\extensions\amiq.dvt-26.1.11-win32-x64\dvt_home\common\predefined_projects\libs\uvm-1.2\src\base\uvm_pool.svh [19 ms, 348 lines, SystemVerilog_2012] ...
Loading (26) C:\Users\segur\.vscode\extensions\amiq.dvt-26.1.11-win32-x64\dvt_home\common\predefined_projects\libs\uvm-1.2\src\base\uvm_queue.svh ...
Done C:\Users\segur\.vscode\extensions\amiq.dvt-26.1.11-win32-x64\dvt_home\common\predefined_projects\libs\uvm-1.2\src\base\uvm_queue.svh [13 ms, 204 lines, SystemVerilog_2012] ...
Loading (27) C:\Users\segur\.vscode\extensions\amiq.dvt-26.1.11-win32-x64\dvt_home\common\predefined_projects\libs\uvm-1.2\src\base\uvm_factory.svh ...
Done C:\Users\segur\.vscode\extensions\amiq.dvt-26.1.11-win32-x64\dvt_home\common\predefined_projects\libs\uvm-1.2\src\base\uvm_factory.svh [104 ms, 1790 lines, SystemVerilog_2012] ...
Loading (28) C:\Users\segur\.vscode\extensions\amiq.dvt-26.1.11-win32-x64\dvt_home\common\predefined_projects\libs\uvm-1.2\src\base\uvm_registry.svh ...
Done C:\Users\segur\.vscode\extensions\amiq.dvt-26.1.11-win32-x64\dvt_home\common\predefined_projects\libs\uvm-1.2\src\base\uvm_registry.svh [15 ms, 381 lines, SystemVerilog_2012] ...
Loading (29) C:\Users\segur\.vscode\extensions\amiq.dvt-26.1.11-win32-x64\dvt_home\common\predefined_projects\libs\uvm-1.2\src\base\uvm_spell_chkr.svh ...
Done C:\Users\segur\.vscode\extensions\amiq.dvt-26.1.11-win32-x64\dvt_home\common\predefined_projects\libs\uvm-1.2\src\base\uvm_spell_chkr.svh [11 ms, 204 lines, SystemVerilog_2012] ...
Loading (30) C:\Users\segur\.vscode\extensions\amiq.dvt-26.1.11-win32-x64\dvt_home\common\predefined_projects\libs\uvm-1.2\src\base\uvm_resource.svh ...
Done C:\Users\segur\.vscode\extensions\amiq.dvt-26.1.11-win32-x64\dvt_home\common\predefined_projects\libs\uvm-1.2\src\base\uvm_resource.svh [71 ms, 1695 lines, SystemVerilog_2012] ...
Loading (31) C:\Users\segur\.vscode\extensions\amiq.dvt-26.1.11-win32-x64\dvt_home\common\predefined_projects\libs\uvm-1.2\src\base\uvm_resource_specializations.svh ...
Done C:\Users\segur\.vscode\extensions\amiq.dvt-26.1.11-win32-x64\dvt_home\common\predefined_projects\libs\uvm-1.2\src\base\uvm_resource_specializations.svh [23 ms, 171 lines, SystemVerilog_2012] ...
Loading (32) C:\Users\segur\.vscode\extensions\amiq.dvt-26.1.11-win32-x64\dvt_home\common\predefined_projects\libs\uvm-1.2\src\base\uvm_resource_db.svh ...
Done C:\Users\segur\.vscode\extensions\amiq.dvt-26.1.11-win32-x64\dvt_home\common\predefined_projects\libs\uvm-1.2\src\base\uvm_resource_db.svh [15 ms, 400 lines, SystemVerilog_2012] ...
Loading (33) C:\Users\segur\.vscode\extensions\amiq.dvt-26.1.11-win32-x64\dvt_home\common\predefined_projects\libs\uvm-1.2\src\base\uvm_config_db.svh ...
Done C:\Users\segur\.vscode\extensions\amiq.dvt-26.1.11-win32-x64\dvt_home\common\predefined_projects\libs\uvm-1.2\src\base\uvm_config_db.svh [16 ms, 411 lines, SystemVerilog_2012] ...
Loading (34) C:\Users\segur\.vscode\extensions\amiq.dvt-26.1.11-win32-x64\dvt_home\common\predefined_projects\libs\uvm-1.2\src\base\uvm_printer.svh ...
Done C:\Users\segur\.vscode\extensions\amiq.dvt-26.1.11-win32-x64\dvt_home\common\predefined_projects\libs\uvm-1.2\src\base\uvm_printer.svh [39 ms, 1232 lines, SystemVerilog_2012] ...
Loading (35) C:\Users\segur\.vscode\extensions\amiq.dvt-26.1.11-win32-x64\dvt_home\common\predefined_projects\libs\uvm-1.2\src\base\uvm_comparer.svh ...
Done C:\Users\segur\.vscode\extensions\amiq.dvt-26.1.11-win32-x64\dvt_home\common\predefined_projects\libs\uvm-1.2\src\base\uvm_comparer.svh [13 ms, 423 lines, SystemVerilog_2012] ...
Loading (36) C:\Users\segur\.vscode\extensions\amiq.dvt-26.1.11-win32-x64\dvt_home\common\predefined_projects\libs\uvm-1.2\src\base\uvm_packer.svh ...
Done C:\Users\segur\.vscode\extensions\amiq.dvt-26.1.11-win32-x64\dvt_home\common\predefined_projects\libs\uvm-1.2\src\base\uvm_packer.svh [41 ms, 1038 lines, SystemVerilog_2012] ...
Loading (37) C:\Users\segur\.vscode\extensions\amiq.dvt-26.1.11-win32-x64\dvt_home\common\predefined_projects\libs\uvm-1.2\src\base\uvm_links.svh ...
Done C:\Users\segur\.vscode\extensions\amiq.dvt-26.1.11-win32-x64\dvt_home\common\predefined_projects\libs\uvm-1.2\src\base\uvm_links.svh [16 ms, 371 lines, SystemVerilog_2012] ...
Loading (38) C:\Users\segur\.vscode\extensions\amiq.dvt-26.1.11-win32-x64\dvt_home\common\predefined_projects\libs\uvm-1.2\src\base\uvm_tr_database.svh ...
Done C:\Users\segur\.vscode\extensions\amiq.dvt-26.1.11-win32-x64\dvt_home\common\predefined_projects\libs\uvm-1.2\src\base\uvm_tr_database.svh [20 ms, 433 lines, SystemVerilog_2012] ...
Loading (39) C:\Users\segur\.vscode\extensions\amiq.dvt-26.1.11-win32-x64\dvt_home\common\predefined_projects\libs\uvm-1.2\src\base\uvm_tr_stream.svh ...
Done C:\Users\segur\.vscode\extensions\amiq.dvt-26.1.11-win32-x64\dvt_home\common\predefined_projects\libs\uvm-1.2\src\base\uvm_tr_stream.svh [17 ms, 592 lines, SystemVerilog_2012] ...
Loading (40) C:\Users\segur\.vscode\extensions\amiq.dvt-26.1.11-win32-x64\dvt_home\common\predefined_projects\libs\uvm-1.2\src\base\uvm_recorder.svh ...
Done C:\Users\segur\.vscode\extensions\amiq.dvt-26.1.11-win32-x64\dvt_home\common\predefined_projects\libs\uvm-1.2\src\base\uvm_recorder.svh [24 ms, 1141 lines, SystemVerilog_2012] ...
Loading (41) C:\Users\segur\.vscode\extensions\amiq.dvt-26.1.11-win32-x64\dvt_home\common\predefined_projects\libs\uvm-1.2\src\base\uvm_event_callback.svh ...
Done C:\Users\segur\.vscode\extensions\amiq.dvt-26.1.11-win32-x64\dvt_home\common\predefined_projects\libs\uvm-1.2\src\base\uvm_event_callback.svh [1 ms, 91 lines, SystemVerilog_2012] ...
Loading (42) C:\Users\segur\.vscode\extensions\amiq.dvt-26.1.11-win32-x64\dvt_home\common\predefined_projects\libs\uvm-1.2\src\base\uvm_event.svh ...
Done C:\Users\segur\.vscode\extensions\amiq.dvt-26.1.11-win32-x64\dvt_home\common\predefined_projects\libs\uvm-1.2\src\base\uvm_event.svh [8 ms, 395 lines, SystemVerilog_2012] ...
Loading (43) C:\Users\segur\.vscode\extensions\amiq.dvt-26.1.11-win32-x64\dvt_home\common\predefined_projects\libs\uvm-1.2\src\base\uvm_barrier.svh ...
Done C:\Users\segur\.vscode\extensions\amiq.dvt-26.1.11-win32-x64\dvt_home\common\predefined_projects\libs\uvm-1.2\src\base\uvm_barrier.svh [3 ms, 210 lines, SystemVerilog_2012] ...
Loading (44) C:\Users\segur\.vscode\extensions\amiq.dvt-26.1.11-win32-x64\dvt_home\common\predefined_projects\libs\uvm-1.2\src\base\uvm_callback.svh ...
Loading (45) C:\Users\segur\.vscode\extensions\amiq.dvt-26.1.11-win32-x64\dvt_home\common\predefined_projects\libs\uvm-1.2\src\uvm_macros.svh ...
Done C:\Users\segur\.vscode\extensions\amiq.dvt-26.1.11-win32-x64\dvt_home\common\predefined_projects\libs\uvm-1.2\src\uvm_macros.svh [0 ms, 82 lines, SystemVerilog_2012] ...
Done C:\Users\segur\.vscode\extensions\amiq.dvt-26.1.11-win32-x64\dvt_home\common\predefined_projects\libs\uvm-1.2\src\base\uvm_callback.svh [37 ms, 1199 lines, SystemVerilog_2012] ...
Loading (46) C:\Users\segur\.vscode\extensions\amiq.dvt-26.1.11-win32-x64\dvt_home\common\predefined_projects\libs\uvm-1.2\src\base\uvm_report_message.svh ...
Done C:\Users\segur\.vscode\extensions\amiq.dvt-26.1.11-win32-x64\dvt_home\common\predefined_projects\libs\uvm-1.2\src\base\uvm_report_message.svh [26 ms, 940 lines, SystemVerilog_2012] ...
Loading (47) C:\Users\segur\.vscode\extensions\amiq.dvt-26.1.11-win32-x64\dvt_home\common\predefined_projects\libs\uvm-1.2\src\base\uvm_report_catcher.svh ...
Done C:\Users\segur\.vscode\extensions\amiq.dvt-26.1.11-win32-x64\dvt_home\common\predefined_projects\libs\uvm-1.2\src\base\uvm_report_catcher.svh [16 ms, 713 lines, SystemVerilog_2012] ...
Loading (48) C:\Users\segur\.vscode\extensions\amiq.dvt-26.1.11-win32-x64\dvt_home\common\predefined_projects\libs\uvm-1.2\src\base\uvm_report_server.svh ...
Done C:\Users\segur\.vscode\extensions\amiq.dvt-26.1.11-win32-x64\dvt_home\common\predefined_projects\libs\uvm-1.2\src\base\uvm_report_server.svh [19 ms, 923 lines, SystemVerilog_2012] ...
Loading (49) C:\Users\segur\.vscode\extensions\amiq.dvt-26.1.11-win32-x64\dvt_home\common\predefined_projects\libs\uvm-1.2\src\base\uvm_report_handler.svh ...
Done C:\Users\segur\.vscode\extensions\amiq.dvt-26.1.11-win32-x64\dvt_home\common\predefined_projects\libs\uvm-1.2\src\base\uvm_report_handler.svh [26 ms, 801 lines, SystemVerilog_2012] ...
Loading (50) C:\Users\segur\.vscode\extensions\amiq.dvt-26.1.11-win32-x64\dvt_home\common\predefined_projects\libs\uvm-1.2\src\base\uvm_report_object.svh ...
Done C:\Users\segur\.vscode\extensions\amiq.dvt-26.1.11-win32-x64\dvt_home\common\predefined_projects\libs\uvm-1.2\src\base\uvm_report_object.svh [9 ms, 660 lines, SystemVerilog_2012] ...
Loading (51) C:\Users\segur\.vscode\extensions\amiq.dvt-26.1.11-win32-x64\dvt_home\common\predefined_projects\libs\uvm-1.2\src\base\uvm_transaction.svh ...
Done C:\Users\segur\.vscode\extensions\amiq.dvt-26.1.11-win32-x64\dvt_home\common\predefined_projects\libs\uvm-1.2\src\base\uvm_transaction.svh [12 ms, 781 lines, SystemVerilog_2012] ...
Loading (52) C:\Users\segur\.vscode\extensions\amiq.dvt-26.1.11-win32-x64\dvt_home\common\predefined_projects\libs\uvm-1.2\src\base\uvm_phase.svh ...
Done C:\Users\segur\.vscode\extensions\amiq.dvt-26.1.11-win32-x64\dvt_home\common\predefined_projects\libs\uvm-1.2\src\base\uvm_phase.svh [78 ms, 2254 lines, SystemVerilog_2012] ...
Loading (53) C:\Users\segur\.vscode\extensions\amiq.dvt-26.1.11-win32-x64\dvt_home\common\predefined_projects\libs\uvm-1.2\src\base\uvm_domain.svh ...
Done C:\Users\segur\.vscode\extensions\amiq.dvt-26.1.11-win32-x64\dvt_home\common\predefined_projects\libs\uvm-1.2\src\base\uvm_domain.svh [10 ms, 219 lines, SystemVerilog_2012] ...
Loading (54) C:\Users\segur\.vscode\extensions\amiq.dvt-26.1.11-win32-x64\dvt_home\common\predefined_projects\libs\uvm-1.2\src\base\uvm_bottomup_phase.svh ...
Done C:\Users\segur\.vscode\extensions\amiq.dvt-26.1.11-win32-x64\dvt_home\common\predefined_projects\libs\uvm-1.2\src\base\uvm_bottomup_phase.svh [4 ms, 113 lines, SystemVerilog_2012] ...
Loading (55) C:\Users\segur\.vscode\extensions\amiq.dvt-26.1.11-win32-x64\dvt_home\common\predefined_projects\libs\uvm-1.2\src\base\uvm_topdown_phase.svh ...
Done C:\Users\segur\.vscode\extensions\amiq.dvt-26.1.11-win32-x64\dvt_home\common\predefined_projects\libs\uvm-1.2\src\base\uvm_topdown_phase.svh [5 ms, 115 lines, SystemVerilog_2012] ...
Loading (56) C:\Users\segur\.vscode\extensions\amiq.dvt-26.1.11-win32-x64\dvt_home\common\predefined_projects\libs\uvm-1.2\src\base\uvm_task_phase.svh ...
Done C:\Users\segur\.vscode\extensions\amiq.dvt-26.1.11-win32-x64\dvt_home\common\predefined_projects\libs\uvm-1.2\src\base\uvm_task_phase.svh [2 ms, 162 lines, SystemVerilog_2012] ...
Loading (57) C:\Users\segur\.vscode\extensions\amiq.dvt-26.1.11-win32-x64\dvt_home\common\predefined_projects\libs\uvm-1.2\src\base\uvm_common_phases.svh ...
Done C:\Users\segur\.vscode\extensions\amiq.dvt-26.1.11-win32-x64\dvt_home\common\predefined_projects\libs\uvm-1.2\src\base\uvm_common_phases.svh [8 ms, 452 lines, SystemVerilog_2012] ...
Loading (58) C:\Users\segur\.vscode\extensions\amiq.dvt-26.1.11-win32-x64\dvt_home\common\predefined_projects\libs\uvm-1.2\src\base\uvm_runtime_phases.svh ...
Done C:\Users\segur\.vscode\extensions\amiq.dvt-26.1.11-win32-x64\dvt_home\common\predefined_projects\libs\uvm-1.2\src\base\uvm_runtime_phases.svh [11 ms, 556 lines, SystemVerilog_2012] ...
Loading (59) C:\Users\segur\.vscode\extensions\amiq.dvt-26.1.11-win32-x64\dvt_home\common\predefined_projects\libs\uvm-1.2\src\base\uvm_component.svh ...
Loading (60) C:\Users\segur\.vscode\extensions\amiq.dvt-26.1.11-win32-x64\dvt_home\common\predefined_projects\libs\uvm-1.2\src\base\uvm_root.svh ...
Done C:\Users\segur\.vscode\extensions\amiq.dvt-26.1.11-win32-x64\dvt_home\common\predefined_projects\libs\uvm-1.2\src\base\uvm_root.svh [72 ms, 1073 lines, SystemVerilog_2012] ...
Done C:\Users\segur\.vscode\extensions\amiq.dvt-26.1.11-win32-x64\dvt_home\common\predefined_projects\libs\uvm-1.2\src\base\uvm_component.svh [75 ms, 3639 lines, SystemVerilog_2012] ...
Loading (61) C:\Users\segur\.vscode\extensions\amiq.dvt-26.1.11-win32-x64\dvt_home\common\predefined_projects\libs\uvm-1.2\src\base\uvm_objection.svh ...
Done C:\Users\segur\.vscode\extensions\amiq.dvt-26.1.11-win32-x64\dvt_home\common\predefined_projects\libs\uvm-1.2\src\base\uvm_objection.svh [28 ms, 1454 lines, SystemVerilog_2012] ...
Loading (62) C:\Users\segur\.vscode\extensions\amiq.dvt-26.1.11-win32-x64\dvt_home\common\predefined_projects\libs\uvm-1.2\src\base\uvm_heartbeat.svh ...
Done C:\Users\segur\.vscode\extensions\amiq.dvt-26.1.11-win32-x64\dvt_home\common\predefined_projects\libs\uvm-1.2\src\base\uvm_heartbeat.svh [7 ms, 342 lines, SystemVerilog_2012] ...
Loading (63) C:\Users\segur\.vscode\extensions\amiq.dvt-26.1.11-win32-x64\dvt_home\common\predefined_projects\libs\uvm-1.2\src\base\uvm_globals.svh ...
Done C:\Users\segur\.vscode\extensions\amiq.dvt-26.1.11-win32-x64\dvt_home\common\predefined_projects\libs\uvm-1.2\src\base\uvm_globals.svh [14 ms, 565 lines, SystemVerilog_2012] ...
Loading (64) C:\Users\segur\.vscode\extensions\amiq.dvt-26.1.11-win32-x64\dvt_home\common\predefined_projects\libs\uvm-1.2\src\base\uvm_cmdline_processor.svh ...
Done C:\Users\segur\.vscode\extensions\amiq.dvt-26.1.11-win32-x64\dvt_home\common\predefined_projects\libs\uvm-1.2\src\base\uvm_cmdline_processor.svh [7 ms, 462 lines, SystemVerilog_2012] ...
Loading (65) C:\Users\segur\.vscode\extensions\amiq.dvt-26.1.11-win32-x64\dvt_home\common\predefined_projects\libs\uvm-1.2\src\base\uvm_traversal.svh ...
Done C:\Users\segur\.vscode\extensions\amiq.dvt-26.1.11-win32-x64\dvt_home\common\predefined_projects\libs\uvm-1.2\src\base\uvm_traversal.svh [8 ms, 289 lines, SystemVerilog_2012] ...
Done C:\Users\segur\.vscode\extensions\amiq.dvt-26.1.11-win32-x64\dvt_home\common\predefined_projects\libs\uvm-1.2\src\base\uvm_base.svh [14 ms, 113 lines, SystemVerilog_2012] ...
Loading (66) C:\Users\segur\.vscode\extensions\amiq.dvt-26.1.11-win32-x64\dvt_home\common\predefined_projects\libs\uvm-1.2\src\dap\uvm_dap.svh ...
Loading (67) C:\Users\segur\.vscode\extensions\amiq.dvt-26.1.11-win32-x64\dvt_home\common\predefined_projects\libs\uvm-1.2\src\dap\uvm_set_get_dap_base.svh ...
Done C:\Users\segur\.vscode\extensions\amiq.dvt-26.1.11-win32-x64\dvt_home\common\predefined_projects\libs\uvm-1.2\src\dap\uvm_set_get_dap_base.svh [1 ms, 84 lines, SystemVerilog_2012] ...
Loading (68) C:\Users\segur\.vscode\extensions\amiq.dvt-26.1.11-win32-x64\dvt_home\common\predefined_projects\libs\uvm-1.2\src\dap\uvm_simple_lock_dap.svh ...
Done C:\Users\segur\.vscode\extensions\amiq.dvt-26.1.11-win32-x64\dvt_home\common\predefined_projects\libs\uvm-1.2\src\dap\uvm_simple_lock_dap.svh [5 ms, 179 lines, SystemVerilog_2012] ...
Loading (69) C:\Users\segur\.vscode\extensions\amiq.dvt-26.1.11-win32-x64\dvt_home\common\predefined_projects\libs\uvm-1.2\src\dap\uvm_get_to_lock_dap.svh ...
Done C:\Users\segur\.vscode\extensions\amiq.dvt-26.1.11-win32-x64\dvt_home\common\predefined_projects\libs\uvm-1.2\src\dap\uvm_get_to_lock_dap.svh [5 ms, 155 lines, SystemVerilog_2012] ...
Loading (70) C:\Users\segur\.vscode\extensions\amiq.dvt-26.1.11-win32-x64\dvt_home\common\predefined_projects\libs\uvm-1.2\src\dap\uvm_set_before_get_dap.svh ...
Done C:\Users\segur\.vscode\extensions\amiq.dvt-26.1.11-win32-x64\dvt_home\common\predefined_projects\libs\uvm-1.2\src\dap\uvm_set_before_get_dap.svh [3 ms, 185 lines, SystemVerilog_2012] ...
Done C:\Users\segur\.vscode\extensions\amiq.dvt-26.1.11-win32-x64\dvt_home\common\predefined_projects\libs\uvm-1.2\src\dap\uvm_dap.svh [0 ms, 35 lines, SystemVerilog_2012] ...
Loading (71) C:\Users\segur\.vscode\extensions\amiq.dvt-26.1.11-win32-x64\dvt_home\common\predefined_projects\libs\uvm-1.2\src\tlm1\uvm_tlm.svh ...
Loading (72) C:\Users\segur\.vscode\extensions\amiq.dvt-26.1.11-win32-x64\dvt_home\common\predefined_projects\libs\uvm-1.2\src\tlm1\uvm_tlm_ifs.svh ...
Done C:\Users\segur\.vscode\extensions\amiq.dvt-26.1.11-win32-x64\dvt_home\common\predefined_projects\libs\uvm-1.2\src\tlm1\uvm_tlm_ifs.svh [2 ms, 219 lines, SystemVerilog_2012] ...
Loading (73) C:\Users\segur\.vscode\extensions\amiq.dvt-26.1.11-win32-x64\dvt_home\common\predefined_projects\libs\uvm-1.2\src\tlm1\uvm_sqr_ifs.svh ...
Done C:\Users\segur\.vscode\extensions\amiq.dvt-26.1.11-win32-x64\dvt_home\common\predefined_projects\libs\uvm-1.2\src\tlm1\uvm_sqr_ifs.svh [2 ms, 253 lines, SystemVerilog_2012] ...
Loading (74) C:\Users\segur\.vscode\extensions\amiq.dvt-26.1.11-win32-x64\dvt_home\common\predefined_projects\libs\uvm-1.2\src\base\uvm_port_base.svh ...
Done C:\Users\segur\.vscode\extensions\amiq.dvt-26.1.11-win32-x64\dvt_home\common\predefined_projects\libs\uvm-1.2\src\base\uvm_port_base.svh [11 ms, 793 lines, SystemVerilog_2012] ...
Loading (75) C:\Users\segur\.vscode\extensions\amiq.dvt-26.1.11-win32-x64\dvt_home\common\predefined_projects\libs\uvm-1.2\src\tlm1\uvm_tlm_imps.svh ...
Done C:\Users\segur\.vscode\extensions\amiq.dvt-26.1.11-win32-x64\dvt_home\common\predefined_projects\libs\uvm-1.2\src\tlm1\uvm_tlm_imps.svh [0 ms, 229 lines, SystemVerilog_2012] ...
Loading (76) C:\Users\segur\.vscode\extensions\amiq.dvt-26.1.11-win32-x64\dvt_home\common\predefined_projects\libs\uvm-1.2\src\tlm1\uvm_imps.svh ...
Done C:\Users\segur\.vscode\extensions\amiq.dvt-26.1.11-win32-x64\dvt_home\common\predefined_projects\libs\uvm-1.2\src\tlm1\uvm_imps.svh [20 ms, 317 lines, SystemVerilog_2012] ...
Loading (77) C:\Users\segur\.vscode\extensions\amiq.dvt-26.1.11-win32-x64\dvt_home\common\predefined_projects\libs\uvm-1.2\src\tlm1\uvm_ports.svh ...
Done C:\Users\segur\.vscode\extensions\amiq.dvt-26.1.11-win32-x64\dvt_home\common\predefined_projects\libs\uvm-1.2\src\tlm1\uvm_ports.svh [13 ms, 263 lines, SystemVerilog_2012] ...
Loading (78) C:\Users\segur\.vscode\extensions\amiq.dvt-26.1.11-win32-x64\dvt_home\common\predefined_projects\libs\uvm-1.2\src\tlm1\uvm_exports.svh ...
Done C:\Users\segur\.vscode\extensions\amiq.dvt-26.1.11-win32-x64\dvt_home\common\predefined_projects\libs\uvm-1.2\src\tlm1\uvm_exports.svh [15 ms, 260 lines, SystemVerilog_2012] ...
Loading (79) C:\Users\segur\.vscode\extensions\amiq.dvt-26.1.11-win32-x64\dvt_home\common\predefined_projects\libs\uvm-1.2\src\tlm1\uvm_analysis_port.svh ...
Done C:\Users\segur\.vscode\extensions\amiq.dvt-26.1.11-win32-x64\dvt_home\common\predefined_projects\libs\uvm-1.2\src\tlm1\uvm_analysis_port.svh [3 ms, 156 lines, SystemVerilog_2012] ...
Loading (80) C:\Users\segur\.vscode\extensions\amiq.dvt-26.1.11-win32-x64\dvt_home\common\predefined_projects\libs\uvm-1.2\src\tlm1\uvm_tlm_fifo_base.svh ...
Done C:\Users\segur\.vscode\extensions\amiq.dvt-26.1.11-win32-x64\dvt_home\common\predefined_projects\libs\uvm-1.2\src\tlm1\uvm_tlm_fifo_base.svh [5 ms, 253 lines, SystemVerilog_2012] ...
Loading (81) C:\Users\segur\.vscode\extensions\amiq.dvt-26.1.11-win32-x64\dvt_home\common\predefined_projects\libs\uvm-1.2\src\tlm1\uvm_tlm_fifos.svh ...
Done C:\Users\segur\.vscode\extensions\amiq.dvt-26.1.11-win32-x64\dvt_home\common\predefined_projects\libs\uvm-1.2\src\tlm1\uvm_tlm_fifos.svh [4 ms, 239 lines, SystemVerilog_2012] ...
Loading (82) C:\Users\segur\.vscode\extensions\amiq.dvt-26.1.11-win32-x64\dvt_home\common\predefined_projects\libs\uvm-1.2\src\tlm1\uvm_tlm_req_rsp.svh ...
Done C:\Users\segur\.vscode\extensions\amiq.dvt-26.1.11-win32-x64\dvt_home\common\predefined_projects\libs\uvm-1.2\src\tlm1\uvm_tlm_req_rsp.svh [4 ms, 349 lines, SystemVerilog_2012] ...
Loading (83) C:\Users\segur\.vscode\extensions\amiq.dvt-26.1.11-win32-x64\dvt_home\common\predefined_projects\libs\uvm-1.2\src\tlm1\uvm_sqr_connections.svh ...
Done C:\Users\segur\.vscode\extensions\amiq.dvt-26.1.11-win32-x64\dvt_home\common\predefined_projects\libs\uvm-1.2\src\tlm1\uvm_sqr_connections.svh [4 ms, 84 lines, SystemVerilog_2012] ...
Done C:\Users\segur\.vscode\extensions\amiq.dvt-26.1.11-win32-x64\dvt_home\common\predefined_projects\libs\uvm-1.2\src\tlm1\uvm_tlm.svh [1 ms, 40 lines, SystemVerilog_2012] ...
Loading (84) C:\Users\segur\.vscode\extensions\amiq.dvt-26.1.11-win32-x64\dvt_home\common\predefined_projects\libs\uvm-1.2\src\comps\uvm_comps.svh ...
Loading (85) C:\Users\segur\.vscode\extensions\amiq.dvt-26.1.11-win32-x64\dvt_home\common\predefined_projects\libs\uvm-1.2\src\comps\uvm_pair.svh ...
Done C:\Users\segur\.vscode\extensions\amiq.dvt-26.1.11-win32-x64\dvt_home\common\predefined_projects\libs\uvm-1.2\src\comps\uvm_pair.svh [7 ms, 171 lines, SystemVerilog_2012] ...
Loading (86) C:\Users\segur\.vscode\extensions\amiq.dvt-26.1.11-win32-x64\dvt_home\common\predefined_projects\libs\uvm-1.2\src\comps\uvm_policies.svh ...
Done C:\Users\segur\.vscode\extensions\amiq.dvt-26.1.11-win32-x64\dvt_home\common\predefined_projects\libs\uvm-1.2\src\comps\uvm_policies.svh [1 ms, 142 lines, SystemVerilog_2012] ...
Loading (87) C:\Users\segur\.vscode\extensions\amiq.dvt-26.1.11-win32-x64\dvt_home\common\predefined_projects\libs\uvm-1.2\src\comps\uvm_in_order_comparator.svh ...
Done C:\Users\segur\.vscode\extensions\amiq.dvt-26.1.11-win32-x64\dvt_home\common\predefined_projects\libs\uvm-1.2\src\comps\uvm_in_order_comparator.svh [4 ms, 260 lines, SystemVerilog_2012] ...
Loading (88) C:\Users\segur\.vscode\extensions\amiq.dvt-26.1.11-win32-x64\dvt_home\common\predefined_projects\libs\uvm-1.2\src\comps\uvm_algorithmic_comparator.svh ...
Done C:\Users\segur\.vscode\extensions\amiq.dvt-26.1.11-win32-x64\dvt_home\common\predefined_projects\libs\uvm-1.2\src\comps\uvm_algorithmic_comparator.svh [1 ms, 135 lines, SystemVerilog_2012] ...
Loading (89) C:\Users\segur\.vscode\extensions\amiq.dvt-26.1.11-win32-x64\dvt_home\common\predefined_projects\libs\uvm-1.2\src\comps\uvm_random_stimulus.svh ...
Done C:\Users\segur\.vscode\extensions\amiq.dvt-26.1.11-win32-x64\dvt_home\common\predefined_projects\libs\uvm-1.2\src\comps\uvm_random_stimulus.svh [5 ms, 132 lines, SystemVerilog_2012] ...
Loading (90) C:\Users\segur\.vscode\extensions\amiq.dvt-26.1.11-win32-x64\dvt_home\common\predefined_projects\libs\uvm-1.2\src\comps\uvm_subscriber.svh ...
Done C:\Users\segur\.vscode\extensions\amiq.dvt-26.1.11-win32-x64\dvt_home\common\predefined_projects\libs\uvm-1.2\src\comps\uvm_subscriber.svh [1 ms, 68 lines, SystemVerilog_2012] ...
Loading (91) C:\Users\segur\.vscode\extensions\amiq.dvt-26.1.11-win32-x64\dvt_home\common\predefined_projects\libs\uvm-1.2\src\comps\uvm_monitor.svh ...
Done C:\Users\segur\.vscode\extensions\amiq.dvt-26.1.11-win32-x64\dvt_home\common\predefined_projects\libs\uvm-1.2\src\comps\uvm_monitor.svh [1 ms, 54 lines, SystemVerilog_2012] ...
Loading (92) C:\Users\segur\.vscode\extensions\amiq.dvt-26.1.11-win32-x64\dvt_home\common\predefined_projects\libs\uvm-1.2\src\comps\uvm_driver.svh ...
Done C:\Users\segur\.vscode\extensions\amiq.dvt-26.1.11-win32-x64\dvt_home\common\predefined_projects\libs\uvm-1.2\src\comps\uvm_driver.svh [1 ms, 89 lines, SystemVerilog_2012] ...
Loading (93) C:\Users\segur\.vscode\extensions\amiq.dvt-26.1.11-win32-x64\dvt_home\common\predefined_projects\libs\uvm-1.2\src\comps\uvm_push_driver.svh ...
Done C:\Users\segur\.vscode\extensions\amiq.dvt-26.1.11-win32-x64\dvt_home\common\predefined_projects\libs\uvm-1.2\src\comps\uvm_push_driver.svh [1 ms, 97 lines, SystemVerilog_2012] ...
Loading (94) C:\Users\segur\.vscode\extensions\amiq.dvt-26.1.11-win32-x64\dvt_home\common\predefined_projects\libs\uvm-1.2\src\comps\uvm_scoreboard.svh ...
Done C:\Users\segur\.vscode\extensions\amiq.dvt-26.1.11-win32-x64\dvt_home\common\predefined_projects\libs\uvm-1.2\src\comps\uvm_scoreboard.svh [1 ms, 56 lines, SystemVerilog_2012] ...
Loading (95) C:\Users\segur\.vscode\extensions\amiq.dvt-26.1.11-win32-x64\dvt_home\common\predefined_projects\libs\uvm-1.2\src\comps\uvm_agent.svh ...
Done C:\Users\segur\.vscode\extensions\amiq.dvt-26.1.11-win32-x64\dvt_home\common\predefined_projects\libs\uvm-1.2\src\comps\uvm_agent.svh [3 ms, 136 lines, SystemVerilog_2012] ...
Loading (96) C:\Users\segur\.vscode\extensions\amiq.dvt-26.1.11-win32-x64\dvt_home\common\predefined_projects\libs\uvm-1.2\src\comps\uvm_env.svh ...
Done C:\Users\segur\.vscode\extensions\amiq.dvt-26.1.11-win32-x64\dvt_home\common\predefined_projects\libs\uvm-1.2\src\comps\uvm_env.svh [0 ms, 54 lines, SystemVerilog_2012] ...
Loading (97) C:\Users\segur\.vscode\extensions\amiq.dvt-26.1.11-win32-x64\dvt_home\common\predefined_projects\libs\uvm-1.2\src\comps\uvm_test.svh ...
Done C:\Users\segur\.vscode\extensions\amiq.dvt-26.1.11-win32-x64\dvt_home\common\predefined_projects\libs\uvm-1.2\src\comps\uvm_test.svh [0 ms, 82 lines, SystemVerilog_2012] ...
Done C:\Users\segur\.vscode\extensions\amiq.dvt-26.1.11-win32-x64\dvt_home\common\predefined_projects\libs\uvm-1.2\src\comps\uvm_comps.svh [5 ms, 37 lines, SystemVerilog_2012] ...
Loading (98) C:\Users\segur\.vscode\extensions\amiq.dvt-26.1.11-win32-x64\dvt_home\common\predefined_projects\libs\uvm-1.2\src\seq\uvm_seq.svh ...
Loading (99) C:\Users\segur\.vscode\extensions\amiq.dvt-26.1.11-win32-x64\dvt_home\common\predefined_projects\libs\uvm-1.2\src\seq\uvm_sequence_item.svh ...
Done C:\Users\segur\.vscode\extensions\amiq.dvt-26.1.11-win32-x64\dvt_home\common\predefined_projects\libs\uvm-1.2\src\seq\uvm_sequence_item.svh [7 ms, 498 lines, SystemVerilog_2012] ...
Loading (100) C:\Users\segur\.vscode\extensions\amiq.dvt-26.1.11-win32-x64\dvt_home\common\predefined_projects\libs\uvm-1.2\src\seq\uvm_sequencer_base.svh ...
Done C:\Users\segur\.vscode\extensions\amiq.dvt-26.1.11-win32-x64\dvt_home\common\predefined_projects\libs\uvm-1.2\src\seq\uvm_sequencer_base.svh [38 ms, 1775 lines, SystemVerilog_2012] ...
Loading (101) C:\Users\segur\.vscode\extensions\amiq.dvt-26.1.11-win32-x64\dvt_home\common\predefined_projects\libs\uvm-1.2\src\seq\uvm_sequencer_analysis_fifo.svh ...
Done C:\Users\segur\.vscode\extensions\amiq.dvt-26.1.11-win32-x64\dvt_home\common\predefined_projects\libs\uvm-1.2\src\seq\uvm_sequencer_analysis_fifo.svh [1 ms, 39 lines, SystemVerilog_2012] ...
Loading (102) C:\Users\segur\.vscode\extensions\amiq.dvt-26.1.11-win32-x64\dvt_home\common\predefined_projects\libs\uvm-1.2\src\seq\uvm_sequencer_param_base.svh ...
Done C:\Users\segur\.vscode\extensions\amiq.dvt-26.1.11-win32-x64\dvt_home\common\predefined_projects\libs\uvm-1.2\src\seq\uvm_sequencer_param_base.svh [9 ms, 460 lines, SystemVerilog_2012] ...
Loading (103) C:\Users\segur\.vscode\extensions\amiq.dvt-26.1.11-win32-x64\dvt_home\common\predefined_projects\libs\uvm-1.2\src\seq\uvm_sequencer.svh ...
Done C:\Users\segur\.vscode\extensions\amiq.dvt-26.1.11-win32-x64\dvt_home\common\predefined_projects\libs\uvm-1.2\src\seq\uvm_sequencer.svh [5 ms, 347 lines, SystemVerilog_2012] ...
Loading (104) C:\Users\segur\.vscode\extensions\amiq.dvt-26.1.11-win32-x64\dvt_home\common\predefined_projects\libs\uvm-1.2\src\seq\uvm_push_sequencer.svh ...
Done C:\Users\segur\.vscode\extensions\amiq.dvt-26.1.11-win32-x64\dvt_home\common\predefined_projects\libs\uvm-1.2\src\seq\uvm_push_sequencer.svh [1 ms, 85 lines, SystemVerilog_2012] ...
Loading (105) C:\Users\segur\.vscode\extensions\amiq.dvt-26.1.11-win32-x64\dvt_home\common\predefined_projects\libs\uvm-1.2\src\seq\uvm_sequence_base.svh ...
Done C:\Users\segur\.vscode\extensions\amiq.dvt-26.1.11-win32-x64\dvt_home\common\predefined_projects\libs\uvm-1.2\src\seq\uvm_sequence_base.svh [24 ms, 1405 lines, SystemVerilog_2012] ...
Loading (106) C:\Users\segur\.vscode\extensions\amiq.dvt-26.1.11-win32-x64\dvt_home\common\predefined_projects\libs\uvm-1.2\src\seq\uvm_sequence.svh ...
Done C:\Users\segur\.vscode\extensions\amiq.dvt-26.1.11-win32-x64\dvt_home\common\predefined_projects\libs\uvm-1.2\src\seq\uvm_sequence.svh [3 ms, 148 lines, SystemVerilog_2012] ...
Loading (107) C:\Users\segur\.vscode\extensions\amiq.dvt-26.1.11-win32-x64\dvt_home\common\predefined_projects\libs\uvm-1.2\src\seq\uvm_sequence_library.svh ...
Done C:\Users\segur\.vscode\extensions\amiq.dvt-26.1.11-win32-x64\dvt_home\common\predefined_projects\libs\uvm-1.2\src\seq\uvm_sequence_library.svh [27 ms, 813 lines, SystemVerilog_2012] ...
Loading (108) C:\Users\segur\.vscode\extensions\amiq.dvt-26.1.11-win32-x64\dvt_home\common\predefined_projects\libs\uvm-1.2\src\seq\uvm_sequence_builtin.svh ...
Done C:\Users\segur\.vscode\extensions\amiq.dvt-26.1.11-win32-x64\dvt_home\common\predefined_projects\libs\uvm-1.2\src\seq\uvm_sequence_builtin.svh [10 ms, 301 lines, SystemVerilog_2012] ...
Done C:\Users\segur\.vscode\extensions\amiq.dvt-26.1.11-win32-x64\dvt_home\common\predefined_projects\libs\uvm-1.2\src\seq\uvm_seq.svh [3 ms, 40 lines, SystemVerilog_2012] ...
Loading (109) C:\Users\segur\.vscode\extensions\amiq.dvt-26.1.11-win32-x64\dvt_home\common\predefined_projects\libs\uvm-1.2\src\tlm2\uvm_tlm2.svh ...
Loading (110) C:\Users\segur\.vscode\extensions\amiq.dvt-26.1.11-win32-x64\dvt_home\common\predefined_projects\libs\uvm-1.2\src\tlm2\uvm_tlm2_defines.svh ...
Done C:\Users\segur\.vscode\extensions\amiq.dvt-26.1.11-win32-x64\dvt_home\common\predefined_projects\libs\uvm-1.2\src\tlm2\uvm_tlm2_defines.svh [0 ms, 45 lines, SystemVerilog_2012] ...
Loading (111) C:\Users\segur\.vscode\extensions\amiq.dvt-26.1.11-win32-x64\dvt_home\common\predefined_projects\libs\uvm-1.2\src\tlm2\uvm_tlm2_time.svh ...
Done C:\Users\segur\.vscode\extensions\amiq.dvt-26.1.11-win32-x64\dvt_home\common\predefined_projects\libs\uvm-1.2\src\tlm2\uvm_tlm2_time.svh [4 ms, 333 lines, SystemVerilog_2012] ...
Loading (112) C:\Users\segur\.vscode\extensions\amiq.dvt-26.1.11-win32-x64\dvt_home\common\predefined_projects\libs\uvm-1.2\src\tlm2\uvm_tlm2_generic_payload.svh ...
Done C:\Users\segur\.vscode\extensions\amiq.dvt-26.1.11-win32-x64\dvt_home\common\predefined_projects\libs\uvm-1.2\src\tlm2\uvm_tlm2_generic_payload.svh [29 ms, 1053 lines, SystemVerilog_2012] ...
Loading (113) C:\Users\segur\.vscode\extensions\amiq.dvt-26.1.11-win32-x64\dvt_home\common\predefined_projects\libs\uvm-1.2\src\tlm2\uvm_tlm2_ifs.svh ...
Done C:\Users\segur\.vscode\extensions\amiq.dvt-26.1.11-win32-x64\dvt_home\common\predefined_projects\libs\uvm-1.2\src\tlm2\uvm_tlm2_ifs.svh [1 ms, 178 lines, SystemVerilog_2012] ...
Loading (114) C:\Users\segur\.vscode\extensions\amiq.dvt-26.1.11-win32-x64\dvt_home\common\predefined_projects\libs\uvm-1.2\src\tlm2\uvm_tlm2_imps.svh ...
Done C:\Users\segur\.vscode\extensions\amiq.dvt-26.1.11-win32-x64\dvt_home\common\predefined_projects\libs\uvm-1.2\src\tlm2\uvm_tlm2_imps.svh [5 ms, 203 lines, SystemVerilog_2012] ...
Loading (115) C:\Users\segur\.vscode\extensions\amiq.dvt-26.1.11-win32-x64\dvt_home\common\predefined_projects\libs\uvm-1.2\src\tlm2\uvm_tlm2_ports.svh ...
Done C:\Users\segur\.vscode\extensions\amiq.dvt-26.1.11-win32-x64\dvt_home\common\predefined_projects\libs\uvm-1.2\src\tlm2\uvm_tlm2_ports.svh [4 ms, 75 lines, SystemVerilog_2012] ...
Loading (116) C:\Users\segur\.vscode\extensions\amiq.dvt-26.1.11-win32-x64\dvt_home\common\predefined_projects\libs\uvm-1.2\src\tlm2\uvm_tlm2_exports.svh ...
Done C:\Users\segur\.vscode\extensions\amiq.dvt-26.1.11-win32-x64\dvt_home\common\predefined_projects\libs\uvm-1.2\src\tlm2\uvm_tlm2_exports.svh [3 ms, 65 lines, SystemVerilog_2012] ...
Loading (117) C:\Users\segur\.vscode\extensions\amiq.dvt-26.1.11-win32-x64\dvt_home\common\predefined_projects\libs\uvm-1.2\src\tlm2\uvm_tlm2_sockets_base.svh ...
Done C:\Users\segur\.vscode\extensions\amiq.dvt-26.1.11-win32-x64\dvt_home\common\predefined_projects\libs\uvm-1.2\src\tlm2\uvm_tlm2_sockets_base.svh [8 ms, 195 lines, SystemVerilog_2012] ...
Loading (118) C:\Users\segur\.vscode\extensions\amiq.dvt-26.1.11-win32-x64\dvt_home\common\predefined_projects\libs\uvm-1.2\src\tlm2\uvm_tlm2_sockets.svh ...
Done C:\Users\segur\.vscode\extensions\amiq.dvt-26.1.11-win32-x64\dvt_home\common\predefined_projects\libs\uvm-1.2\src\tlm2\uvm_tlm2_sockets.svh [12 ms, 435 lines, SystemVerilog_2012] ...
Done C:\Users\segur\.vscode\extensions\amiq.dvt-26.1.11-win32-x64\dvt_home\common\predefined_projects\libs\uvm-1.2\src\tlm2\uvm_tlm2.svh [4 ms, 30 lines, SystemVerilog_2012] ...
Loading (119) C:\Users\segur\.vscode\extensions\amiq.dvt-26.1.11-win32-x64\dvt_home\common\predefined_projects\libs\uvm-1.2\src\reg\uvm_reg_model.svh ...
Loading (120) C:\Users\segur\.vscode\extensions\amiq.dvt-26.1.11-win32-x64\dvt_home\common\predefined_projects\libs\uvm-1.2\src\reg\uvm_reg_item.svh ...
Done C:\Users\segur\.vscode\extensions\amiq.dvt-26.1.11-win32-x64\dvt_home\common\predefined_projects\libs\uvm-1.2\src\reg\uvm_reg_item.svh [6 ms, 316 lines, SystemVerilog_2012] ...
Loading (121) C:\Users\segur\.vscode\extensions\amiq.dvt-26.1.11-win32-x64\dvt_home\common\predefined_projects\libs\uvm-1.2\src\reg\uvm_reg_adapter.svh ...
Done C:\Users\segur\.vscode\extensions\amiq.dvt-26.1.11-win32-x64\dvt_home\common\predefined_projects\libs\uvm-1.2\src\reg\uvm_reg_adapter.svh [4 ms, 254 lines, SystemVerilog_2012] ...
Loading (122) C:\Users\segur\.vscode\extensions\amiq.dvt-26.1.11-win32-x64\dvt_home\common\predefined_projects\libs\uvm-1.2\src\reg\uvm_reg_predictor.svh ...
Done C:\Users\segur\.vscode\extensions\amiq.dvt-26.1.11-win32-x64\dvt_home\common\predefined_projects\libs\uvm-1.2\src\reg\uvm_reg_predictor.svh [8 ms, 265 lines, SystemVerilog_2012] ...
Loading (123) C:\Users\segur\.vscode\extensions\amiq.dvt-26.1.11-win32-x64\dvt_home\common\predefined_projects\libs\uvm-1.2\src\reg\uvm_reg_sequence.svh ...
Done C:\Users\segur\.vscode\extensions\amiq.dvt-26.1.11-win32-x64\dvt_home\common\predefined_projects\libs\uvm-1.2\src\reg\uvm_reg_sequence.svh [11 ms, 548 lines, SystemVerilog_2012] ...
Loading (124) C:\Users\segur\.vscode\extensions\amiq.dvt-26.1.11-win32-x64\dvt_home\common\predefined_projects\libs\uvm-1.2\src\reg\uvm_reg_cbs.svh ...
Done C:\Users\segur\.vscode\extensions\amiq.dvt-26.1.11-win32-x64\dvt_home\common\predefined_projects\libs\uvm-1.2\src\reg\uvm_reg_cbs.svh [8 ms, 530 lines, SystemVerilog_2012] ...
Loading (125) C:\Users\segur\.vscode\extensions\amiq.dvt-26.1.11-win32-x64\dvt_home\common\predefined_projects\libs\uvm-1.2\src\reg\uvm_reg_backdoor.svh ...
Done C:\Users\segur\.vscode\extensions\amiq.dvt-26.1.11-win32-x64\dvt_home\common\predefined_projects\libs\uvm-1.2\src\reg\uvm_reg_backdoor.svh [8 ms, 348 lines, SystemVerilog_2012] ...
Loading (126) C:\Users\segur\.vscode\extensions\amiq.dvt-26.1.11-win32-x64\dvt_home\common\predefined_projects\libs\uvm-1.2\src\reg\uvm_reg_field.svh ...
Done C:\Users\segur\.vscode\extensions\amiq.dvt-26.1.11-win32-x64\dvt_home\common\predefined_projects\libs\uvm-1.2\src\reg\uvm_reg_field.svh [45 ms, 2013 lines, SystemVerilog_2012] ...
Loading (127) C:\Users\segur\.vscode\extensions\amiq.dvt-26.1.11-win32-x64\dvt_home\common\predefined_projects\libs\uvm-1.2\src\reg\uvm_vreg_field.svh ...
Done C:\Users\segur\.vscode\extensions\amiq.dvt-26.1.11-win32-x64\dvt_home\common\predefined_projects\libs\uvm-1.2\src\reg\uvm_vreg_field.svh [21 ms, 1005 lines, SystemVerilog_2012] ...
Loading (128) C:\Users\segur\.vscode\extensions\amiq.dvt-26.1.11-win32-x64\dvt_home\common\predefined_projects\libs\uvm-1.2\src\reg\uvm_reg.svh ...
Done C:\Users\segur\.vscode\extensions\amiq.dvt-26.1.11-win32-x64\dvt_home\common\predefined_projects\libs\uvm-1.2\src\reg\uvm_reg.svh [67 ms, 3102 lines, SystemVerilog_2012] ...
Loading (129) C:\Users\segur\.vscode\extensions\amiq.dvt-26.1.11-win32-x64\dvt_home\common\predefined_projects\libs\uvm-1.2\src\reg\uvm_reg_indirect.svh ...
Done C:\Users\segur\.vscode\extensions\amiq.dvt-26.1.11-win32-x64\dvt_home\common\predefined_projects\libs\uvm-1.2\src\reg\uvm_reg_indirect.svh [7 ms, 330 lines, SystemVerilog_2012] ...
Loading (130) C:\Users\segur\.vscode\extensions\amiq.dvt-26.1.11-win32-x64\dvt_home\common\predefined_projects\libs\uvm-1.2\src\reg\uvm_reg_fifo.svh ...
Done C:\Users\segur\.vscode\extensions\amiq.dvt-26.1.11-win32-x64\dvt_home\common\predefined_projects\libs\uvm-1.2\src\reg\uvm_reg_fifo.svh [4 ms, 311 lines, SystemVerilog_2012] ...
Loading (131) C:\Users\segur\.vscode\extensions\amiq.dvt-26.1.11-win32-x64\dvt_home\common\predefined_projects\libs\uvm-1.2\src\reg\uvm_reg_file.svh ...
Done C:\Users\segur\.vscode\extensions\amiq.dvt-26.1.11-win32-x64\dvt_home\common\predefined_projects\libs\uvm-1.2\src\reg\uvm_reg_file.svh [8 ms, 501 lines, SystemVerilog_2012] ...
Loading (132) C:\Users\segur\.vscode\extensions\amiq.dvt-26.1.11-win32-x64\dvt_home\common\predefined_projects\libs\uvm-1.2\src\reg\uvm_mem_mam.svh ...
Done C:\Users\segur\.vscode\extensions\amiq.dvt-26.1.11-win32-x64\dvt_home\common\predefined_projects\libs\uvm-1.2\src\reg\uvm_mem_mam.svh [21 ms, 1019 lines, SystemVerilog_2012] ...
Loading (133) C:\Users\segur\.vscode\extensions\amiq.dvt-26.1.11-win32-x64\dvt_home\common\predefined_projects\libs\uvm-1.2\src\reg\uvm_vreg.svh ...
Done C:\Users\segur\.vscode\extensions\amiq.dvt-26.1.11-win32-x64\dvt_home\common\predefined_projects\libs\uvm-1.2\src\reg\uvm_vreg.svh [32 ms, 1554 lines, SystemVerilog_2012] ...
Loading (134) C:\Users\segur\.vscode\extensions\amiq.dvt-26.1.11-win32-x64\dvt_home\common\predefined_projects\libs\uvm-1.2\src\reg\uvm_mem.svh ...
Done C:\Users\segur\.vscode\extensions\amiq.dvt-26.1.11-win32-x64\dvt_home\common\predefined_projects\libs\uvm-1.2\src\reg\uvm_mem.svh [54 ms, 2410 lines, SystemVerilog_2012] ...
Loading (135) C:\Users\segur\.vscode\extensions\amiq.dvt-26.1.11-win32-x64\dvt_home\common\predefined_projects\libs\uvm-1.2\src\reg\uvm_reg_map.svh ...
Done C:\Users\segur\.vscode\extensions\amiq.dvt-26.1.11-win32-x64\dvt_home\common\predefined_projects\libs\uvm-1.2\src\reg\uvm_reg_map.svh [53 ms, 2225 lines, SystemVerilog_2012] ...
Loading (136) C:\Users\segur\.vscode\extensions\amiq.dvt-26.1.11-win32-x64\dvt_home\common\predefined_projects\libs\uvm-1.2\src\reg\uvm_reg_block.svh ...
Done C:\Users\segur\.vscode\extensions\amiq.dvt-26.1.11-win32-x64\dvt_home\common\predefined_projects\libs\uvm-1.2\src\reg\uvm_reg_block.svh [32 ms, 2272 lines, SystemVerilog_2012] ...
Loading (137) C:\Users\segur\.vscode\extensions\amiq.dvt-26.1.11-win32-x64\dvt_home\common\predefined_projects\libs\uvm-1.2\src\reg\sequences\uvm_reg_hw_reset_seq.svh ...
Done C:\Users\segur\.vscode\extensions\amiq.dvt-26.1.11-win32-x64\dvt_home\common\predefined_projects\libs\uvm-1.2\src\reg\sequences\uvm_reg_hw_reset_seq.svh [5 ms, 172 lines, SystemVerilog_2012] ...
Loading (138) C:\Users\segur\.vscode\extensions\amiq.dvt-26.1.11-win32-x64\dvt_home\common\predefined_projects\libs\uvm-1.2\src\reg\sequences\uvm_reg_bit_bash_seq.svh ...
Done C:\Users\segur\.vscode\extensions\amiq.dvt-26.1.11-win32-x64\dvt_home\common\predefined_projects\libs\uvm-1.2\src\reg\sequences\uvm_reg_bit_bash_seq.svh [11 ms, 303 lines, SystemVerilog_2012] ...
Loading (139) C:\Users\segur\.vscode\extensions\amiq.dvt-26.1.11-win32-x64\dvt_home\common\predefined_projects\libs\uvm-1.2\src\reg\sequences\uvm_mem_walk_seq.svh ...
Done C:\Users\segur\.vscode\extensions\amiq.dvt-26.1.11-win32-x64\dvt_home\common\predefined_projects\libs\uvm-1.2\src\reg\sequences\uvm_mem_walk_seq.svh [12 ms, 300 lines, SystemVerilog_2012] ...
Loading (140) C:\Users\segur\.vscode\extensions\amiq.dvt-26.1.11-win32-x64\dvt_home\common\predefined_projects\libs\uvm-1.2\src\reg\sequences\uvm_mem_access_seq.svh ...
Done C:\Users\segur\.vscode\extensions\amiq.dvt-26.1.11-win32-x64\dvt_home\common\predefined_projects\libs\uvm-1.2\src\reg\sequences\uvm_mem_access_seq.svh [10 ms, 308 lines, SystemVerilog_2012] ...
Loading (141) C:\Users\segur\.vscode\extensions\amiq.dvt-26.1.11-win32-x64\dvt_home\common\predefined_projects\libs\uvm-1.2\src\reg\sequences\uvm_reg_access_seq.svh ...
Done C:\Users\segur\.vscode\extensions\amiq.dvt-26.1.11-win32-x64\dvt_home\common\predefined_projects\libs\uvm-1.2\src\reg\sequences\uvm_reg_access_seq.svh [15 ms, 366 lines, SystemVerilog_2012] ...
Loading (142) C:\Users\segur\.vscode\extensions\amiq.dvt-26.1.11-win32-x64\dvt_home\common\predefined_projects\libs\uvm-1.2\src\reg\sequences\uvm_reg_mem_shared_access_seq.svh ...
Done C:\Users\segur\.vscode\extensions\amiq.dvt-26.1.11-win32-x64\dvt_home\common\predefined_projects\libs\uvm-1.2\src\reg\sequences\uvm_reg_mem_shared_access_seq.svh [17 ms, 486 lines, SystemVerilog_2012] ...
Loading (143) C:\Users\segur\.vscode\extensions\amiq.dvt-26.1.11-win32-x64\dvt_home\common\predefined_projects\libs\uvm-1.2\src\reg\sequences\uvm_reg_mem_built_in_seq.svh ...
Done C:\Users\segur\.vscode\extensions\amiq.dvt-26.1.11-win32-x64\dvt_home\common\predefined_projects\libs\uvm-1.2\src\reg\sequences\uvm_reg_mem_built_in_seq.svh [10 ms, 139 lines, SystemVerilog_2012] ...
Loading (144) C:\Users\segur\.vscode\extensions\amiq.dvt-26.1.11-win32-x64\dvt_home\common\predefined_projects\libs\uvm-1.2\src\reg\sequences\uvm_reg_mem_hdl_paths_seq.svh ...
Done C:\Users\segur\.vscode\extensions\amiq.dvt-26.1.11-win32-x64\dvt_home\common\predefined_projects\libs\uvm-1.2\src\reg\sequences\uvm_reg_mem_hdl_paths_seq.svh [11 ms, 175 lines, SystemVerilog_2012] ...
Done C:\Users\segur\.vscode\extensions\amiq.dvt-26.1.11-win32-x64\dvt_home\common\predefined_projects\libs\uvm-1.2\src\reg\uvm_reg_model.svh [9 ms, 444 lines, SystemVerilog_2012] ...
Done C:\Users\segur\.vscode\extensions\amiq.dvt-26.1.11-win32-x64\dvt_home\common\predefined_projects\libs\uvm-1.2\src\uvm_pkg.sv [2 ms, 43 lines, SystemVerilog_2012] ...
Loading (145) C:\Users\segur\OneDrive\Escritorio\Proyecto_2_UVM\Proyecto_2_UVM\Proyecto\MD\md_sequence.sv ...
Optimizing (146) C:\Users\segur\.vscode\extensions\amiq.dvt-26.1.11-win32-x64\dvt_home\common\predefined_projects\libs\uvm-1.2\src\uvm_macros.svh ...
Done C:\Users\segur\OneDrive\Escritorio\Proyecto_2_UVM\Proyecto_2_UVM\Proyecto\MD\md_sequence.sv [6 ms, 111 lines, SystemVerilog_2012] ...
Loading (147) C:\Users\segur\OneDrive\Escritorio\Proyecto_2_UVM\Proyecto_2_UVM\Proyecto\APB\aligner_apb_registerfile_model.sv ...
Optimizing (148) C:\Users\segur\.vscode\extensions\amiq.dvt-26.1.11-win32-x64\dvt_home\common\predefined_projects\libs\uvm-1.2\src\uvm_macros.svh ...
Done C:\Users\segur\OneDrive\Escritorio\Proyecto_2_UVM\Proyecto_2_UVM\Proyecto\APB\aligner_apb_registerfile_model.sv [4 ms, 157 lines, SystemVerilog_2012] ...
Loading (149) C:\Users\segur\OneDrive\Escritorio\Proyecto_2_UVM\Proyecto_2_UVM\Proyecto\Common modules\aligner_tb_top.sv ...
Optimizing (150) C:\Users\segur\.vscode\extensions\amiq.dvt-26.1.11-win32-x64\dvt_home\common\predefined_projects\libs\uvm-1.2\src\uvm_macros.svh ...
Loading (151) C:\Users\segur\OneDrive\Escritorio\Proyecto_2_UVM\Proyecto_2_UVM\Proyecto\APB\apb_if.sv ...
Done C:\Users\segur\OneDrive\Escritorio\Proyecto_2_UVM\Proyecto_2_UVM\Proyecto\APB\apb_if.sv [6 ms, 42 lines, SystemVerilog_2012] ...
Loading (152) C:\Users\segur\OneDrive\Escritorio\Proyecto_2_UVM\Proyecto_2_UVM\Proyecto\MD\md_if.sv ...
Done C:\Users\segur\OneDrive\Escritorio\Proyecto_2_UVM\Proyecto_2_UVM\Proyecto\MD\md_if.sv [2 ms, 64 lines, SystemVerilog_2012] ...
Loading (153) C:\Users\segur\OneDrive\Escritorio\Proyecto_2_UVM\Proyecto_2_UVM\Proyecto\APB\seq_item_apb.sv ...
Done C:\Users\segur\OneDrive\Escritorio\Proyecto_2_UVM\Proyecto_2_UVM\Proyecto\APB\seq_item_apb.sv [2 ms, 25 lines, SystemVerilog_2012] ...
Loading (154) C:\Users\segur\OneDrive\Escritorio\Proyecto_2_UVM\Proyecto_2_UVM\Proyecto\MD\md_seq_item.sv ...
Done C:\Users\segur\OneDrive\Escritorio\Proyecto_2_UVM\Proyecto_2_UVM\Proyecto\MD\md_seq_item.sv [24 ms, 80 lines, SystemVerilog_2012] ...
Loading (155) C:\Users\segur\OneDrive\Escritorio\Proyecto_2_UVM\Proyecto_2_UVM\Proyecto\APB\apb_monitor.sv ...
Done C:\Users\segur\OneDrive\Escritorio\Proyecto_2_UVM\Proyecto_2_UVM\Proyecto\APB\apb_monitor.sv [3 ms, 56 lines, SystemVerilog_2012] ...
Loading (156) C:\Users\segur\OneDrive\Escritorio\Proyecto_2_UVM\Proyecto_2_UVM\Proyecto\APB\apb_driver.sv ...
Done C:\Users\segur\OneDrive\Escritorio\Proyecto_2_UVM\Proyecto_2_UVM\Proyecto\APB\apb_driver.sv [3 ms, 62 lines, SystemVerilog_2012] ...
Loading (157) C:\Users\segur\OneDrive\Escritorio\Proyecto_2_UVM\Proyecto_2_UVM\Proyecto\APB\adapter.sv ...
Done C:\Users\segur\OneDrive\Escritorio\Proyecto_2_UVM\Proyecto_2_UVM\Proyecto\APB\adapter.sv [2 ms, 30 lines, SystemVerilog_2012] ...
Loading (158) C:\Users\segur\OneDrive\Escritorio\Proyecto_2_UVM\Proyecto_2_UVM\Proyecto\APB\apb_agent.sv ...
Done C:\Users\segur\OneDrive\Escritorio\Proyecto_2_UVM\Proyecto_2_UVM\Proyecto\APB\apb_agent.sv [1 ms, 35 lines, SystemVerilog_2012] ...
Loading (159) C:\Users\segur\OneDrive\Escritorio\Proyecto_2_UVM\Proyecto_2_UVM\Proyecto\APB\apb_sequence.sv ...
Optimizing (160) C:\Users\segur\.vscode\extensions\amiq.dvt-26.1.11-win32-x64\dvt_home\common\predefined_projects\libs\uvm-1.2\src\uvm_macros.svh ...
Done C:\Users\segur\OneDrive\Escritorio\Proyecto_2_UVM\Proyecto_2_UVM\Proyecto\APB\apb_sequence.sv [2 ms, 42 lines, SystemVerilog_2012] ...
Loading (161) C:\Users\segur\OneDrive\Escritorio\Proyecto_2_UVM\Proyecto_2_UVM\Proyecto\MD\md_rx_driver.sv ...
Done C:\Users\segur\OneDrive\Escritorio\Proyecto_2_UVM\Proyecto_2_UVM\Proyecto\MD\md_rx_driver.sv [3 ms, 92 lines, SystemVerilog_2012] ...
Loading (162) C:\Users\segur\OneDrive\Escritorio\Proyecto_2_UVM\Proyecto_2_UVM\Proyecto\MD\md_tx_driver.sv ...
Done C:\Users\segur\OneDrive\Escritorio\Proyecto_2_UVM\Proyecto_2_UVM\Proyecto\MD\md_tx_driver.sv [1 ms, 60 lines, SystemVerilog_2012] ...
Loading (163) C:\Users\segur\OneDrive\Escritorio\Proyecto_2_UVM\Proyecto_2_UVM\Proyecto\MD\md_monitor.sv ...
Done C:\Users\segur\OneDrive\Escritorio\Proyecto_2_UVM\Proyecto_2_UVM\Proyecto\MD\md_monitor.sv [3 ms, 103 lines, SystemVerilog_2012] ...
Loading (164) C:\Users\segur\OneDrive\Escritorio\Proyecto_2_UVM\Proyecto_2_UVM\Proyecto\MD\md_agent.sv ...
Done C:\Users\segur\OneDrive\Escritorio\Proyecto_2_UVM\Proyecto_2_UVM\Proyecto\MD\md_agent.sv [2 ms, 70 lines, SystemVerilog_2012] ...
Loading (165) C:\Users\segur\OneDrive\Escritorio\Proyecto_2_UVM\Proyecto_2_UVM\Proyecto\MD\md_rx_sequences.sv ...
Done C:\Users\segur\OneDrive\Escritorio\Proyecto_2_UVM\Proyecto_2_UVM\Proyecto\MD\md_rx_sequences.sv [13 ms, 192 lines, SystemVerilog_2012] ...
Loading (166) C:\Users\segur\OneDrive\Escritorio\Proyecto_2_UVM\Proyecto_2_UVM\Proyecto\Common modules\aligner_scoreboard.sv ...
Done C:\Users\segur\OneDrive\Escritorio\Proyecto_2_UVM\Proyecto_2_UVM\Proyecto\Common modules\aligner_scoreboard.sv [7 ms, 151 lines, SystemVerilog_2012] ...
Loading (167) C:\Users\segur\OneDrive\Escritorio\Proyecto_2_UVM\Proyecto_2_UVM\Proyecto\Common modules\aligner_env.sv ...
Done C:\Users\segur\OneDrive\Escritorio\Proyecto_2_UVM\Proyecto_2_UVM\Proyecto\Common modules\aligner_env.sv [2 ms, 53 lines, SystemVerilog_2012] ...
Loading (168) C:\Users\segur\OneDrive\Escritorio\Proyecto_2_UVM\Proyecto_2_UVM\Proyecto\Common modules\aligner_test.sv ...
Done C:\Users\segur\OneDrive\Escritorio\Proyecto_2_UVM\Proyecto_2_UVM\Proyecto\Common modules\aligner_test.sv [4 ms, 125 lines, SystemVerilog_2012] ...
Done C:\Users\segur\OneDrive\Escritorio\Proyecto_2_UVM\Proyecto_2_UVM\Proyecto\Common modules\aligner_tb_top.sv [16 ms, 159 lines, SystemVerilog_2012] ...
Loading (169) C:\Users\segur\OneDrive\Escritorio\Proyecto_2_UVM\Proyecto_2_UVM\Proyecto\DUT\design.v ...
Loading (170) C:\Users\segur\OneDrive\Escritorio\Proyecto_2_UVM\Proyecto_2_UVM\Proyecto\DUT\cfs_synch.v ...
Done C:\Users\segur\OneDrive\Escritorio\Proyecto_2_UVM\Proyecto_2_UVM\Proyecto\DUT\cfs_synch.v [0 ms, 27 lines, Verilog_2001] ...
Loading (171) C:\Users\segur\OneDrive\Escritorio\Proyecto_2_UVM\Proyecto_2_UVM\Proyecto\DUT\cfs_synch_fifo.v ...
Done C:\Users\segur\OneDrive\Escritorio\Proyecto_2_UVM\Proyecto_2_UVM\Proyecto\DUT\cfs_synch_fifo.v [11 ms, 220 lines, Verilog_2001] ...
Loading (172) C:\Users\segur\OneDrive\Escritorio\Proyecto_2_UVM\Proyecto_2_UVM\Proyecto\DUT\cfs_rx_ctrl.v ...
Done C:\Users\segur\OneDrive\Escritorio\Proyecto_2_UVM\Proyecto_2_UVM\Proyecto\DUT\cfs_rx_ctrl.v [2 ms, 111 lines, Verilog_2001] ...
Loading (173) C:\Users\segur\OneDrive\Escritorio\Proyecto_2_UVM\Proyecto_2_UVM\Proyecto\DUT\cfs_ctrl.v ...
Done C:\Users\segur\OneDrive\Escritorio\Proyecto_2_UVM\Proyecto_2_UVM\Proyecto\DUT\cfs_ctrl.v [1 ms, 292 lines, Verilog_2001] ...
Loading (174) C:\Users\segur\OneDrive\Escritorio\Proyecto_2_UVM\Proyecto_2_UVM\Proyecto\DUT\cfs_tx_ctrl.v ...
Done C:\Users\segur\OneDrive\Escritorio\Proyecto_2_UVM\Proyecto_2_UVM\Proyecto\DUT\cfs_tx_ctrl.v [0 ms, 49 lines, Verilog_2001] ...
Loading (175) C:\Users\segur\OneDrive\Escritorio\Proyecto_2_UVM\Proyecto_2_UVM\Proyecto\DUT\cfs_edge_detect.v ...
Done C:\Users\segur\OneDrive\Escritorio\Proyecto_2_UVM\Proyecto_2_UVM\Proyecto\DUT\cfs_edge_detect.v [1 ms, 35 lines, Verilog_2001] ...
Loading (176) C:\Users\segur\OneDrive\Escritorio\Proyecto_2_UVM\Proyecto_2_UVM\Proyecto\DUT\cfs_regs.v ...
Done C:\Users\segur\OneDrive\Escritorio\Proyecto_2_UVM\Proyecto_2_UVM\Proyecto\DUT\cfs_regs.v [0 ms, 321 lines, Verilog_2001] ...
Loading (177) C:\Users\segur\OneDrive\Escritorio\Proyecto_2_UVM\Proyecto_2_UVM\Proyecto\DUT\cfs_aligner_core.v ...
Done C:\Users\segur\OneDrive\Escritorio\Proyecto_2_UVM\Proyecto_2_UVM\Proyecto\DUT\cfs_aligner_core.v [1 ms, 374 lines, Verilog_2001] ...
Loading (178) C:\Users\segur\OneDrive\Escritorio\Proyecto_2_UVM\Proyecto_2_UVM\Proyecto\DUT\cfs_aligner.v ...
Done C:\Users\segur\OneDrive\Escritorio\Proyecto_2_UVM\Proyecto_2_UVM\Proyecto\DUT\cfs_aligner.v [1 ms, 90 lines, Verilog_2001] ...
Done C:\Users\segur\OneDrive\Escritorio\Proyecto_2_UVM\Proyecto_2_UVM\Proyecto\DUT\design.v [1 ms, 10 lines, Verilog_2001] ...
*** Done parsing invocation #2 [2268 ms] ***
*** Done parsing [LT 1524 ms, PT 2268 ms] ***
*** Total number of lines [79 037] ***
*** Error: SYSTEM_VERILOG_2012: Cannot open `include file "design.sv"
    at line 47 in C:\Users\segur\OneDrive\Escritorio\Proyecto_2_UVM\Proyecto_2_UVM\Proyecto\Common modules\aligner_tb_top.sv:47 [compile index 1][invocation 1]
*** Error: VERILOG_2001: Expecting ';', found 'else'
    at line 55 in C:\Users\segur\OneDrive\Escritorio\Proyecto_2_UVM\Proyecto_2_UVM\Proyecto\DUT\cfs_synch_fifo.v:55 [compile index 171][invocation 1]
*** Error: VERILOG_2001: Expecting ';', found 'else'
    at line 59 in C:\Users\segur\OneDrive\Escritorio\Proyecto_2_UVM\Proyecto_2_UVM\Proyecto\DUT\cfs_synch_fifo.v:59 [compile index 171][invocation 1]
*** Error: VERILOG_2001: Unexpected token 'always_comb'
    at line 93 in C:\Users\segur\OneDrive\Escritorio\Proyecto_2_UVM\Proyecto_2_UVM\Proyecto\DUT\cfs_synch_fifo.v:93 [compile index 171][invocation 1]
*** Error: VERILOG_2001: Unexpected token 'next_wr_ptr_push'
    at line 95 in C:\Users\segur\OneDrive\Escritorio\Proyecto_2_UVM\Proyecto_2_UVM\Proyecto\DUT\cfs_synch_fifo.v:95 [compile index 171][invocation 1]
*** Error: VERILOG_2001: Unexpected token 'else'
    at line 97 in C:\Users\segur\OneDrive\Escritorio\Proyecto_2_UVM\Proyecto_2_UVM\Proyecto\DUT\cfs_synch_fifo.v:97 [compile index 171][invocation 1]
*** Error: VERILOG_2001: Unexpected token 'next_wr_ptr_push'
    at line 98 in C:\Users\segur\OneDrive\Escritorio\Proyecto_2_UVM\Proyecto_2_UVM\Proyecto\DUT\cfs_synch_fifo.v:98 [compile index 171][invocation 1]
*** Error: VERILOG_2001: Unexpected token 'end'
    at line 99 in C:\Users\segur\OneDrive\Escritorio\Proyecto_2_UVM\Proyecto_2_UVM\Proyecto\DUT\cfs_synch_fifo.v:99 [compile index 171][invocation 1]
*** Error: VERILOG_2001: Unexpected token 'end'
    at line 100 in C:\Users\segur\OneDrive\Escritorio\Proyecto_2_UVM\Proyecto_2_UVM\Proyecto\DUT\cfs_synch_fifo.v:100 [compile index 171][invocation 1]
*** Error: VERILOG_2001: Unexpected token 'always_comb'
    at line 137 in C:\Users\segur\OneDrive\Escritorio\Proyecto_2_UVM\Proyecto_2_UVM\Proyecto\DUT\cfs_synch_fifo.v:137 [compile index 171][invocation 1]
*** Error: VERILOG_2001: Unexpected token 'next_rd_ptr_pop'
    at line 139 in C:\Users\segur\OneDrive\Escritorio\Proyecto_2_UVM\Proyecto_2_UVM\Proyecto\DUT\cfs_synch_fifo.v:139 [compile index 171][invocation 1]
*** Error: VERILOG_2001: Unexpected token 'else'
    at line 141 in C:\Users\segur\OneDrive\Escritorio\Proyecto_2_UVM\Proyecto_2_UVM\Proyecto\DUT\cfs_synch_fifo.v:141 [compile index 171][invocation 1]
*** Error: VERILOG_2001: Unexpected token 'next_rd_ptr_pop'
    at line 142 in C:\Users\segur\OneDrive\Escritorio\Proyecto_2_UVM\Proyecto_2_UVM\Proyecto\DUT\cfs_synch_fifo.v:142 [compile index 171][invocation 1]
*** Error: VERILOG_2001: Unexpected token 'end'
    at line 143 in C:\Users\segur\OneDrive\Escritorio\Proyecto_2_UVM\Proyecto_2_UVM\Proyecto\DUT\cfs_synch_fifo.v:143 [compile index 171][invocation 1]
*** Error: VERILOG_2001: Unexpected token 'end'
    at line 144 in C:\Users\segur\OneDrive\Escritorio\Proyecto_2_UVM\Proyecto_2_UVM\Proyecto\DUT\cfs_synch_fifo.v:144 [compile index 171][invocation 1]
*** Error: VERILOG_2001: Unexpected token 'always_comb'
    at line 160 in C:\Users\segur\OneDrive\Escritorio\Proyecto_2_UVM\Proyecto_2_UVM\Proyecto\DUT\cfs_synch_fifo.v:160 [compile index 171][invocation 1]
*** Error: VERILOG_2001: Unexpected token 'push_fifo_lvl'
    at line 163 in C:\Users\segur\OneDrive\Escritorio\Proyecto_2_UVM\Proyecto_2_UVM\Proyecto\DUT\cfs_synch_fifo.v:163 [compile index 171][invocation 1]
*** Error: VERILOG_2001: Unexpected token 'push_fifo_lvl'
    at line 166 in C:\Users\segur\OneDrive\Escritorio\Proyecto_2_UVM\Proyecto_2_UVM\Proyecto\DUT\cfs_synch_fifo.v:166 [compile index 171][invocation 1]
*** Error: VERILOG_2001: Unexpected token 'else'
    at line 169 in C:\Users\segur\OneDrive\Escritorio\Proyecto_2_UVM\Proyecto_2_UVM\Proyecto\DUT\cfs_synch_fifo.v:169 [compile index 171][invocation 1]
*** Error: VERILOG_2001: Unexpected token 'push_fifo_lvl'
    at line 170 in C:\Users\segur\OneDrive\Escritorio\Proyecto_2_UVM\Proyecto_2_UVM\Proyecto\DUT\cfs_synch_fifo.v:170 [compile index 171][invocation 1]
*** Error: VERILOG_2001: Unexpected token 'end'
    at line 171 in C:\Users\segur\OneDrive\Escritorio\Proyecto_2_UVM\Proyecto_2_UVM\Proyecto\DUT\cfs_synch_fifo.v:171 [compile index 171][invocation 1]
*** Error: VERILOG_2001: Unexpected token 'else'
    at line 172 in C:\Users\segur\OneDrive\Escritorio\Proyecto_2_UVM\Proyecto_2_UVM\Proyecto\DUT\cfs_synch_fifo.v:172 [compile index 171][invocation 1]
*** Error: VERILOG_2001: Unexpected token 'push_fifo_lvl'
    at line 173 in C:\Users\segur\OneDrive\Escritorio\Proyecto_2_UVM\Proyecto_2_UVM\Proyecto\DUT\cfs_synch_fifo.v:173 [compile index 171][invocation 1]
*** Error: VERILOG_2001: Unexpected token 'end'
    at line 174 in C:\Users\segur\OneDrive\Escritorio\Proyecto_2_UVM\Proyecto_2_UVM\Proyecto\DUT\cfs_synch_fifo.v:174 [compile index 171][invocation 1]
*** Error: VERILOG_2001: Unexpected token 'end'
    at line 175 in C:\Users\segur\OneDrive\Escritorio\Proyecto_2_UVM\Proyecto_2_UVM\Proyecto\DUT\cfs_synch_fifo.v:175 [compile index 171][invocation 1]
*** Error: VERILOG_2001: Unexpected token 'always_comb'
    at line 177 in C:\Users\segur\OneDrive\Escritorio\Proyecto_2_UVM\Proyecto_2_UVM\Proyecto\DUT\cfs_synch_fifo.v:177 [compile index 171][invocation 1]
*** Error: VERILOG_2001: Unexpected token 'pop_fifo_lvl'
    at line 180 in C:\Users\segur\OneDrive\Escritorio\Proyecto_2_UVM\Proyecto_2_UVM\Proyecto\DUT\cfs_synch_fifo.v:180 [compile index 171][invocation 1]
*** Error: VERILOG_2001: Unexpected token 'pop_fifo_lvl'
    at line 183 in C:\Users\segur\OneDrive\Escritorio\Proyecto_2_UVM\Proyecto_2_UVM\Proyecto\DUT\cfs_synch_fifo.v:183 [compile index 171][invocation 1]
*** Error: VERILOG_2001: Unexpected token 'else'
    at line 186 in C:\Users\segur\OneDrive\Escritorio\Proyecto_2_UVM\Proyecto_2_UVM\Proyecto\DUT\cfs_synch_fifo.v:186 [compile index 171][invocation 1]
*** Error: VERILOG_2001: Unexpected token 'pop_fifo_lvl'
    at line 187 in C:\Users\segur\OneDrive\Escritorio\Proyecto_2_UVM\Proyecto_2_UVM\Proyecto\DUT\cfs_synch_fifo.v:187 [compile index 171][invocation 1]
*** Error: VERILOG_2001: Unexpected token 'end'
    at line 188 in C:\Users\segur\OneDrive\Escritorio\Proyecto_2_UVM\Proyecto_2_UVM\Proyecto\DUT\cfs_synch_fifo.v:188 [compile index 171][invocation 1]
*** Error: VERILOG_2001: Unexpected token 'else'
    at line 189 in C:\Users\segur\OneDrive\Escritorio\Proyecto_2_UVM\Proyecto_2_UVM\Proyecto\DUT\cfs_synch_fifo.v:189 [compile index 171][invocation 1]
*** Error: VERILOG_2001: Unexpected token 'pop_fifo_lvl'
    at line 190 in C:\Users\segur\OneDrive\Escritorio\Proyecto_2_UVM\Proyecto_2_UVM\Proyecto\DUT\cfs_synch_fifo.v:190 [compile index 171][invocation 1]
*** Error: VERILOG_2001: Unexpected token 'end'
    at line 191 in C:\Users\segur\OneDrive\Escritorio\Proyecto_2_UVM\Proyecto_2_UVM\Proyecto\DUT\cfs_synch_fifo.v:191 [compile index 171][invocation 1]
*** Error: VERILOG_2001: Unexpected token 'end'
    at line 192 in C:\Users\segur\OneDrive\Escritorio\Proyecto_2_UVM\Proyecto_2_UVM\Proyecto\DUT\cfs_synch_fifo.v:192 [compile index 171][invocation 1]
*** Error: VERILOG_2001: Unexpected token 'unsigned'
    at line 25 in C:\Users\segur\OneDrive\Escritorio\Proyecto_2_UVM\Proyecto_2_UVM\Proyecto\DUT\cfs_rx_ctrl.v:25 [compile index 172][invocation 1]
*** Error: VERILOG_2001: Unexpected token 'unsigned'
    at line 26 in C:\Users\segur\OneDrive\Escritorio\Proyecto_2_UVM\Proyecto_2_UVM\Proyecto\DUT\cfs_rx_ctrl.v:26 [compile index 172][invocation 1]
*** Error: VERILOG_2001: Unexpected token 'unsigned'
    at line 15 in C:\Users\segur\OneDrive\Escritorio\Proyecto_2_UVM\Proyecto_2_UVM\Proyecto\DUT\cfs_ctrl.v:15 [compile index 173][invocation 1]
*** Error: VERILOG_2001: Unexpected token 'unsigned'
    at line 16 in C:\Users\segur\OneDrive\Escritorio\Proyecto_2_UVM\Proyecto_2_UVM\Proyecto\DUT\cfs_ctrl.v:16 [compile index 173][invocation 1]
*** Error: VERILOG_2001: Unexpected token 'unsigned'
    at line 16 in C:\Users\segur\OneDrive\Escritorio\Proyecto_2_UVM\Proyecto_2_UVM\Proyecto\DUT\cfs_tx_ctrl.v:16 [compile index 174][invocation 1]
*** Error: VERILOG_2001: Unexpected token 'unsigned'
    at line 17 in C:\Users\segur\OneDrive\Escritorio\Proyecto_2_UVM\Proyecto_2_UVM\Proyecto\DUT\cfs_tx_ctrl.v:17 [compile index 174][invocation 1]
*** Error: VERILOG_2001: Unexpected token 'bit'
    at line 11 in C:\Users\segur\OneDrive\Escritorio\Proyecto_2_UVM\Proyecto_2_UVM\Proyecto\DUT\cfs_edge_detect.v:11 [compile index 175][invocation 1]
*** Error: VERILOG_2001: Unexpected token 'unsigned'
    at line 25 in C:\Users\segur\OneDrive\Escritorio\Proyecto_2_UVM\Proyecto_2_UVM\Proyecto\DUT\cfs_regs.v:25 [compile index 176][invocation 1]
*** Error: VERILOG_2001: Unexpected token 'unsigned'
    at line 26 in C:\Users\segur\OneDrive\Escritorio\Proyecto_2_UVM\Proyecto_2_UVM\Proyecto\DUT\cfs_regs.v:26 [compile index 176][invocation 1]
*** Error: VERILOG_2001: Unexpected token 'unsigned'
    at line 27 in C:\Users\segur\OneDrive\Escritorio\Proyecto_2_UVM\Proyecto_2_UVM\Proyecto\DUT\cfs_regs.v:27 [compile index 176][invocation 1]
*** Error: VERILOG_2001: Unexpected token 'unsigned'
    at line 146 in C:\Users\segur\OneDrive\Escritorio\Proyecto_2_UVM\Proyecto_2_UVM\Proyecto\DUT\cfs_aligner_core.v:146 [compile index 177][invocation 1]
*** Error: VERILOG_2001: Unexpected token 'unsigned'
    at line 148 in C:\Users\segur\OneDrive\Escritorio\Proyecto_2_UVM\Proyecto_2_UVM\Proyecto\DUT\cfs_aligner_core.v:148 [compile index 177][invocation 1]
*** Error: VERILOG_2001: Unexpected token 'unsigned'
    at line 150 in C:\Users\segur\OneDrive\Escritorio\Proyecto_2_UVM\Proyecto_2_UVM\Proyecto\DUT\cfs_aligner_core.v:150 [compile index 177][invocation 1]
*** Error: VERILOG_2001: Unexpected token 'unsigned'
    at line 151 in C:\Users\segur\OneDrive\Escritorio\Proyecto_2_UVM\Proyecto_2_UVM\Proyecto\DUT\cfs_aligner_core.v:151 [compile index 177][invocation 1]
*** Error: VERILOG_2001: Unexpected token 'unsigned'
    at line 16 in C:\Users\segur\OneDrive\Escritorio\Proyecto_2_UVM\Proyecto_2_UVM\Proyecto\DUT\cfs_aligner.v:16 [compile index 178][invocation 1]
*** Error: VERILOG_2001: Unexpected token 'unsigned'
    at line 17 in C:\Users\segur\OneDrive\Escritorio\Proyecto_2_UVM\Proyecto_2_UVM\Proyecto\DUT\cfs_aligner.v:17 [compile index 178][invocation 1]
*** Error: VERILOG_2001: Unexpected token 'unsigned'
    at line 18 in C:\Users\segur\OneDrive\Escritorio\Proyecto_2_UVM\Proyecto_2_UVM\Proyecto\DUT\cfs_aligner.v:18 [compile index 178][invocation 1]
*** Error: VERILOG_2001: Unexpected token 'unsigned'
    at line 19 in C:\Users\segur\OneDrive\Escritorio\Proyecto_2_UVM\Proyecto_2_UVM\Proyecto\DUT\cfs_aligner.v:19 [compile index 178][invocation 1]
*** Warning: SYSTEM_VERILOG_2012: Expecting `endif label 'UVM_CMDLINE_PROCESSOR_SV' found 'UVM_CMDLINE_PROC_PKG_SV'
    at line 460 in C:\Users\segur\.vscode\extensions\amiq.dvt-26.1.11-win32-x64\dvt_home\common\predefined_projects\libs\uvm-1.2\src\base\uvm_cmdline_processor.svh:460 [compile index 1][invocation 1]
*** Warning: NON_STANDARD_BEGIN_END_GENERATE: 'begin/end' block only allowed inside loop or conditional generate construct
    at line 93 in C:\Users\segur\OneDrive\Escritorio\Proyecto_2_UVM\Proyecto_2_UVM\Proyecto\DUT\cfs_synch_fifo.v:93 [compile index 171][invocation 1]
*** Warning: NON_STANDARD_BEGIN_END_GENERATE: 'begin/end' block only allowed inside loop or conditional generate construct
    at line 97 in C:\Users\segur\OneDrive\Escritorio\Proyecto_2_UVM\Proyecto_2_UVM\Proyecto\DUT\cfs_synch_fifo.v:97 [compile index 171][invocation 1]
*** Warning: NON_STANDARD_BEGIN_END_GENERATE: 'begin/end' block only allowed inside loop or conditional generate construct
    at line 137 in C:\Users\segur\OneDrive\Escritorio\Proyecto_2_UVM\Proyecto_2_UVM\Proyecto\DUT\cfs_synch_fifo.v:137 [compile index 171][invocation 1]
*** Warning: NON_STANDARD_BEGIN_END_GENERATE: 'begin/end' block only allowed inside loop or conditional generate construct
    at line 141 in C:\Users\segur\OneDrive\Escritorio\Proyecto_2_UVM\Proyecto_2_UVM\Proyecto\DUT\cfs_synch_fifo.v:141 [compile index 171][invocation 1]
*** Warning: NON_STANDARD_BEGIN_END_GENERATE: 'begin/end' block only allowed inside loop or conditional generate construct
    at line 160 in C:\Users\segur\OneDrive\Escritorio\Proyecto_2_UVM\Proyecto_2_UVM\Proyecto\DUT\cfs_synch_fifo.v:160 [compile index 171][invocation 1]
*** Warning: NON_STANDARD_BEGIN_END_GENERATE: 'begin/end' block only allowed inside loop or conditional generate construct
    at line 172 in C:\Users\segur\OneDrive\Escritorio\Proyecto_2_UVM\Proyecto_2_UVM\Proyecto\DUT\cfs_synch_fifo.v:172 [compile index 171][invocation 1]
*** Warning: NON_STANDARD_BEGIN_END_GENERATE: 'begin/end' block only allowed inside loop or conditional generate construct
    at line 177 in C:\Users\segur\OneDrive\Escritorio\Proyecto_2_UVM\Proyecto_2_UVM\Proyecto\DUT\cfs_synch_fifo.v:177 [compile index 171][invocation 1]
*** Warning: NON_STANDARD_BEGIN_END_GENERATE: 'begin/end' block only allowed inside loop or conditional generate construct
    at line 189 in C:\Users\segur\OneDrive\Escritorio\Proyecto_2_UVM\Proyecto_2_UVM\Proyecto\DUT\cfs_synch_fifo.v:189 [compile index 171][invocation 1]
Performing post full build actions ...
Performing post full build step 1 (SRI) [4 ms] ...
Performing post full build step 2 (RI) [14 ms] ...
Performing post full build step 3 (RCP) [133 ms] ...
*** Files summary [178 total, 172 unique, 4 optimized] ***
*** Done SystemVerilog build [2s.617ms] ***

*** Start mixed mode extension build ***
Performing mixed post full build step (VLOG - RI) [15 ms] ...
*** Warning: UNSPECIFIED_TOP: Please specify a -top module/entity/configuration in the project build file
*** Top design candidates: work.aligner_tb_top, work.cfs_synch_fifo
Performing mixed post full build step (MIXED - ELAB) [2603 ms] ...
Performing mixed post full build step (MIXED - UNEL) [56 ms] ...
*** Warning: WIDTH_MISMATCH_TRUNCATION: Assignment to 'report_ok' of '1-bit' type from 'uvm_report_catcher::process_al...' of '32-bit' type
    at line 588 in C:\Users\segur\.vscode\extensions\amiq.dvt-26.1.11-win32-x64\dvt_home\common\predefined_projects\libs\uvm-1.2\src\base\uvm_report_server.svh:588 [compile index 48]
*** Warning: WIDTH_MISMATCH_TRUNCATION: Assignment to 'replace' of '1-bit' type from 'replace' of '32-bit' type
    at line 789 in C:\Users\segur\.vscode\extensions\amiq.dvt-26.1.11-win32-x64\dvt_home\common\predefined_projects\libs\uvm-1.2\src\base\uvm_root.svh:789 [compile index 60]
*** Warning: WIDTH_MISMATCH_ROUNDING: Assignment to 'error_time' of '64-bit' type from '$realtime' of 'real' type
    at line 2846 in C:\Users\segur\.vscode\extensions\amiq.dvt-26.1.11-win32-x64\dvt_home\common\predefined_projects\libs\uvm-1.2\src\base\uvm_component.svh:2846 [compile index 59]
*** Warning: WIDTH_MISMATCH_ROUNDING: Assignment to 'event_time' of '64-bit' type from '$realtime' of 'real' type
    at line 2904 in C:\Users\segur\.vscode\extensions\amiq.dvt-26.1.11-win32-x64\dvt_home\common\predefined_projects\libs\uvm-1.2\src\base\uvm_component.svh:2904 [compile index 59]
*** Warning: WIDTH_MISMATCH_PADDING: Assignment to 'verbosity' of '32-bit' type from 'UVM_INFO' of '2-bit' type
    at line 3146 in C:\Users\segur\.vscode\extensions\amiq.dvt-26.1.11-win32-x64\dvt_home\common\predefined_projects\libs\uvm-1.2\src\base\uvm_component.svh:3146 [compile index 59]
*** Warning: WIDTH_MISMATCH_PADDING: Assignment to 'verbosity' of '32-bit' type from 'UVM_INFO' of '2-bit' type
    at line 3272 in C:\Users\segur\.vscode\extensions\amiq.dvt-26.1.11-win32-x64\dvt_home\common\predefined_projects\libs\uvm-1.2\src\base\uvm_component.svh:3272 [compile index 59]
*** Warning: CASE_ITEM_SIGNING_MISMATCH: Comparison between case expression 'recording_detail' of unsigned type and item expression 'UVM_LOW' of signed type
    at line 3320 in C:\Users\segur\.vscode\extensions\amiq.dvt-26.1.11-win32-x64\dvt_home\common\predefined_projects\libs\uvm-1.2\src\base\uvm_component.svh:3320 [compile index 59]
*** Warning: CASE_ITEM_SIGNING_MISMATCH: Comparison between case expression 'recording_detail' of unsigned type and item expression 'UVM_MEDIUM' of signed type
    at line 3322 in C:\Users\segur\.vscode\extensions\amiq.dvt-26.1.11-win32-x64\dvt_home\common\predefined_projects\libs\uvm-1.2\src\base\uvm_component.svh:3322 [compile index 59]
*** Warning: CASE_ITEM_SIGNING_MISMATCH: Comparison between case expression 'recording_detail' of unsigned type and item expression 'UVM_HIGH' of signed type
    at line 3324 in C:\Users\segur\.vscode\extensions\amiq.dvt-26.1.11-win32-x64\dvt_home\common\predefined_projects\libs\uvm-1.2\src\base\uvm_component.svh:3324 [compile index 59]
*** Warning: CASE_ITEM_SIGNING_MISMATCH: Comparison between case expression 'recording_detail' of unsigned type and item expression 'UVM_FULL' of signed type
    at line 3326 in C:\Users\segur\.vscode\extensions\amiq.dvt-26.1.11-win32-x64\dvt_home\common\predefined_projects\libs\uvm-1.2\src\base\uvm_component.svh:3326 [compile index 59]
*** Warning: WIDTH_MISMATCH_PADDING: Assignment to 'value' of '64-bit' type from 'recording_detail' of '32-bit' type
    at line 3328 in C:\Users\segur\.vscode\extensions\amiq.dvt-26.1.11-win32-x64\dvt_home\common\predefined_projects\libs\uvm-1.2\src\base\uvm_component.svh:3328 [compile index 59]
*** Warning: WIDTH_MISMATCH_PADDING: Assignment to 'value' of '64-bit' type from 'enable_stop_interrupt' of '32-bit' type
    at line 3334 in C:\Users\segur\.vscode\extensions\amiq.dvt-26.1.11-win32-x64\dvt_home\common\predefined_projects\libs\uvm-1.2\src\base\uvm_component.svh:3334 [compile index 59]
*** Warning: WIDTH_MISMATCH_TRUNCATION: Assignment to 'recording_detail' of '32-bit' type from 'value' of '4096-bit' type
    at line 3353 in C:\Users\segur\.vscode\extensions\amiq.dvt-26.1.11-win32-x64\dvt_home\common\predefined_projects\libs\uvm-1.2\src\base\uvm_component.svh:3353 [compile index 59]
*** Warning: WIDTH_MISMATCH_PADDING: Assignment to 'offset' of '64-bit' type from 'args[4].atoi()' of '32-bit' type
    at line 3409 in C:\Users\segur\.vscode\extensions\amiq.dvt-26.1.11-win32-x64\dvt_home\common\predefined_projects\libs\uvm-1.2\src\base\uvm_component.svh:3409 [compile index 59]
*** Warning: WIDTH_MISMATCH_TRUNCATION: Returning 'q.size()' of '32-bit' type for function of '1-bit' return type
    at line 193 in C:\Users\segur\.vscode\extensions\amiq.dvt-26.1.11-win32-x64\dvt_home\common\predefined_projects\libs\uvm-1.2\src\base\uvm_tr_database.svh:193 [compile index 38]
*** Warning: WIDTH_MISMATCH_TRUNCATION: Assignment to 'lhs' of '64-bit' type from 'lhs' of '4096-bit' type
    at line 151 in C:\Users\segur\.vscode\extensions\amiq.dvt-26.1.11-win32-x64\dvt_home\common\predefined_projects\libs\uvm-1.2\src\base\uvm_comparer.svh:151 [compile index 35]
*** Warning: WIDTH_MISMATCH_TRUNCATION: Assignment to 'rhs' of '64-bit' type from 'rhs' of '4096-bit' type
    at line 151 in C:\Users\segur\.vscode\extensions\amiq.dvt-26.1.11-win32-x64\dvt_home\common\predefined_projects\libs\uvm-1.2\src\base\uvm_comparer.svh:151 [compile index 35]
*** Warning: WIDTH_MISMATCH_PADDING: Assignment to 'mask' of '64-bit' type from '- 1' of '32-bit' type
    at line 210 in C:\Users\segur\.vscode\extensions\amiq.dvt-26.1.11-win32-x64\dvt_home\common\predefined_projects\libs\uvm-1.2\src\base\uvm_comparer.svh:210 [compile index 35]
*** Warning: WIDTH_MISMATCH_PADDING: Assignment to 'is_non_null' of '8-bit' type from 'm_bits[count +: 4]' of '4-bit' type
    at line 842 in C:\Users\segur\.vscode\extensions\amiq.dvt-26.1.11-win32-x64\dvt_home\common\predefined_projects\libs\uvm-1.2\src\base\uvm_packer.svh:842 [compile index 36]
*** Warning: WIDTH_MISMATCH_PADDING: Assignment to 'unpack_field_int' of '64-bit' type from ''b0' of '32-bit' type
    at line 909 in C:\Users\segur\.vscode\extensions\amiq.dvt-26.1.11-win32-x64\dvt_home\common\predefined_projects\libs\uvm-1.2\src\base\uvm_packer.svh:909 [compile index 36]
*** Warning: WIDTH_MISMATCH_ROUNDING: Assignment to 'close_time' of '64-bit' type from '$realtime' of 'real' type
    at line 182 in C:\Users\segur\.vscode\extensions\amiq.dvt-26.1.11-win32-x64\dvt_home\common\predefined_projects\libs\uvm-1.2\src\base\uvm_recorder.svh:182 [compile index 40]
*** Warning: WIDTH_MISMATCH_PADDING: Assignment to 'value' of '64-bit' type from 'v' of '32-bit' type
    at line 876 in C:\Users\segur\.vscode\extensions\amiq.dvt-26.1.11-win32-x64\dvt_home\common\predefined_projects\libs\uvm-1.2\src\base\uvm_recorder.svh:876 [compile index 40]
*** Warning: WIDTH_MISMATCH_TRUNCATION: Assignment to 'value' of '4096-bit' type from 'uvm_string_to_bits()' of '115200-bit' type
    at line 934 in C:\Users\segur\.vscode\extensions\amiq.dvt-26.1.11-win32-x64\dvt_home\common\predefined_projects\libs\uvm-1.2\src\base\uvm_recorder.svh:934 [compile index 40]
*** Warning: WIDTH_MISMATCH_PADDING: Assignment to 'value' of '64-bit' type from 'threshold' of '32-bit' type
    at line 189 in C:\Users\segur\.vscode\extensions\amiq.dvt-26.1.11-win32-x64\dvt_home\common\predefined_projects\libs\uvm-1.2\src\base\uvm_barrier.svh:189 [compile index 43]
*** Warning: WIDTH_MISMATCH_PADDING: Assignment to 'value' of '64-bit' type from 'num_waiters' of '32-bit' type
    at line 190 in C:\Users\segur\.vscode\extensions\amiq.dvt-26.1.11-win32-x64\dvt_home\common\predefined_projects\libs\uvm-1.2\src\base\uvm_barrier.svh:190 [compile index 43]
*** Warning: WIDTH_MISMATCH_PADDING: Assignment to 'value' of '64-bit' type from 'at_threshold' of '1-bit' type
    at line 191 in C:\Users\segur\.vscode\extensions\amiq.dvt-26.1.11-win32-x64\dvt_home\common\predefined_projects\libs\uvm-1.2\src\base\uvm_barrier.svh:191 [compile index 43]
*** Warning: WIDTH_MISMATCH_PADDING: Assignment to 'value' of '64-bit' type from 'auto_reset' of '1-bit' type
    at line 192 in C:\Users\segur\.vscode\extensions\amiq.dvt-26.1.11-win32-x64\dvt_home\common\predefined_projects\libs\uvm-1.2\src\base\uvm_barrier.svh:192 [compile index 43]
*** Warning: WIDTH_MISMATCH_ROUNDING: Assignment to 'trigger_time' of '64-bit' type from '$realtime' of 'real' type
    at line 319 in C:\Users\segur\.vscode\extensions\amiq.dvt-26.1.11-win32-x64\dvt_home\common\predefined_projects\libs\uvm-1.2\src\base\uvm_event.svh:319 [compile index 42]
*** Warning: WIDTH_MISMATCH_PADDING: Assignment to 'value' of '64-bit' type from 'num_waiters' of '32-bit' type
    at line 216 in C:\Users\segur\.vscode\extensions\amiq.dvt-26.1.11-win32-x64\dvt_home\common\predefined_projects\libs\uvm-1.2\src\base\uvm_event.svh:216 [compile index 42]
*** Warning: WIDTH_MISMATCH_PADDING: Assignment to 'value' of '64-bit' type from 'on' of '1-bit' type
    at line 217 in C:\Users\segur\.vscode\extensions\amiq.dvt-26.1.11-win32-x64\dvt_home\common\predefined_projects\libs\uvm-1.2\src\base\uvm_event.svh:217 [compile index 42]
*** Warning: WIDTH_MISMATCH_ROUNDING: Assignment to 'read_time' of '64-bit' type from '$realtime' of 'real' type
    at line 509 in C:\Users\segur\.vscode\extensions\amiq.dvt-26.1.11-win32-x64\dvt_home\common\predefined_projects\libs\uvm-1.2\src\base\uvm_resource.svh:509 [compile index 30]
*** Warning: WIDTH_MISMATCH_ROUNDING: Assignment to 'write_time' of '64-bit' type from '$realtime' of 'real' type
    at line 535 in C:\Users\segur\.vscode\extensions\amiq.dvt-26.1.11-win32-x64\dvt_home\common\predefined_projects\libs\uvm-1.2\src\base\uvm_resource.svh:535 [compile index 30]
*** Warning: WIDTH_MISMATCH_ROUNDING: Assignment to 't' of '64-bit' type from '$realtime' of 'real' type
    at line 812 in C:\Users\segur\.vscode\extensions\amiq.dvt-26.1.11-win32-x64\dvt_home\common\predefined_projects\libs\uvm-1.2\src\base\uvm_resource.svh:812 [compile index 30]
*** Warning: WIDTH_MISMATCH_TRUNCATION: Returning 'q.size()' of '32-bit' type for function of '1-bit' return type
    at line 378 in C:\Users\segur\.vscode\extensions\amiq.dvt-26.1.11-win32-x64\dvt_home\common\predefined_projects\libs\uvm-1.2\src\base\uvm_tr_stream.svh:378 [compile index 39]
*** Warning: WIDTH_MISMATCH_PADDING: Assignment to 'value' of '64-bit' type from 'm_set' of '1-bit' type
    at line 175 in C:\Users\segur\.vscode\extensions\amiq.dvt-26.1.11-win32-x64\dvt_home\common\predefined_projects\libs\uvm-1.2\src\dap\uvm_set_before_get_dap.svh:175 [compile index 70]
*** Warning: WIDTH_MISMATCH_TRUNCATION: Returning '$cast()' of '32-bit' type for function of '1-bit' return type
    at line 204 in C:\Users\segur\.vscode\extensions\amiq.dvt-26.1.11-win32-x64\dvt_home\common\predefined_projects\libs\uvm-1.2\src\base\uvm_callback.svh:204 [compile index 44]
*** Warning: WIDTH_MISMATCH_TRUNCATION: Assignment to 'warned' of '1-bit' type from 'm_cb_find_name()' of '32-bit' type
    at line 253 in C:\Users\segur\.vscode\extensions\amiq.dvt-26.1.11-win32-x64\dvt_home\common\predefined_projects\libs\uvm-1.2\src\base\uvm_callback.svh:253 [compile index 44]
*** Warning: WIDTH_MISMATCH_TRUNCATION: Returning '$cast()' of '32-bit' type for function of '1-bit' return type
    at line 569 in C:\Users\segur\.vscode\extensions\amiq.dvt-26.1.11-win32-x64\dvt_home\common\predefined_projects\libs\uvm-1.2\src\base\uvm_callback.svh:569 [compile index 44]
*** Warning: WIDTH_MISMATCH_PADDING: Assignment to 'begin_time' of '64-bit' type from '- 1' of '32-bit' type
    at line 462 in C:\Users\segur\.vscode\extensions\amiq.dvt-26.1.11-win32-x64\dvt_home\common\predefined_projects\libs\uvm-1.2\src\base\uvm_transaction.svh:462 [compile index 51]
*** Warning: WIDTH_MISMATCH_PADDING: Assignment to 'end_time' of '64-bit' type from '- 1' of '32-bit' type
    at line 463 in C:\Users\segur\.vscode\extensions\amiq.dvt-26.1.11-win32-x64\dvt_home\common\predefined_projects\libs\uvm-1.2\src\base\uvm_transaction.svh:463 [compile index 51]
*** Warning: WIDTH_MISMATCH_PADDING: Assignment to 'accept_time' of '64-bit' type from '- 1' of '32-bit' type
    at line 464 in C:\Users\segur\.vscode\extensions\amiq.dvt-26.1.11-win32-x64\dvt_home\common\predefined_projects\libs\uvm-1.2\src\base\uvm_transaction.svh:464 [compile index 51]
*** Warning: WIDTH_MISMATCH_ROUNDING: Assignment to 'accept_time' of '64-bit' type from '$realtime' of 'real' type
    at line 673 in C:\Users\segur\.vscode\extensions\amiq.dvt-26.1.11-win32-x64\dvt_home\common\predefined_projects\libs\uvm-1.2\src\base\uvm_transaction.svh:673 [compile index 51]
*** Warning: WIDTH_MISMATCH_ROUNDING: Assignment to 'tmp_time' of '64-bit' type from '$realtime' of 'real' type
    at line 703 in C:\Users\segur\.vscode\extensions\amiq.dvt-26.1.11-win32-x64\dvt_home\common\predefined_projects\libs\uvm-1.2\src\base\uvm_transaction.svh:703 [compile index 51]
*** Warning: WIDTH_MISMATCH_PADDING: Assignment to 'end_time' of '64-bit' type from '- 1' of '32-bit' type
    at line 719 in C:\Users\segur\.vscode\extensions\amiq.dvt-26.1.11-win32-x64\dvt_home\common\predefined_projects\libs\uvm-1.2\src\base\uvm_transaction.svh:719 [compile index 51]
*** Warning: WIDTH_MISMATCH_PADDING: Assignment to 'end_time' of '64-bit' type from '- 1' of '32-bit' type
    at line 742 in C:\Users\segur\.vscode\extensions\amiq.dvt-26.1.11-win32-x64\dvt_home\common\predefined_projects\libs\uvm-1.2\src\base\uvm_transaction.svh:742 [compile index 51]
*** Warning: WIDTH_MISMATCH_ROUNDING: Assignment to 'end_time' of '64-bit' type from '$realtime' of 'real' type
    at line 759 in C:\Users\segur\.vscode\extensions\amiq.dvt-26.1.11-win32-x64\dvt_home\common\predefined_projects\libs\uvm-1.2\src\base\uvm_transaction.svh:759 [compile index 51]
*** Warning: WIDTH_MISMATCH_ROUNDING: Assignment to 'm_last_wait_relevant_time' of '64-bit' type from '$realtime' of 'real' type
    at line 924 in C:\Users\segur\.vscode\extensions\amiq.dvt-26.1.11-win32-x64\dvt_home\common\predefined_projects\libs\uvm-1.2\src\seq\uvm_sequencer_base.svh:924 [compile index 100]
*** Warning: WIDTH_MISMATCH_PADDING: Assignment to 'value' of '64-bit' type from 'depth' of '32-bit' type
    at line 452 in C:\Users\segur\.vscode\extensions\amiq.dvt-26.1.11-win32-x64\dvt_home\common\predefined_projects\libs\uvm-1.2\src\seq\uvm_sequence_item.svh:452 [compile index 99]
*** Warning: WIDTH_MISMATCH_ROUNDING: Assignment to 'last_trigger[source_obj]' of '64-bit' type from '$realtime' of 'real' type
    at line 315 in C:\Users\segur\.vscode\extensions\amiq.dvt-26.1.11-win32-x64\dvt_home\common\predefined_projects\libs\uvm-1.2\src\base\uvm_heartbeat.svh:315 [compile index 62]
*** Warning: WIDTH_MISMATCH_ROUNDING: Assignment to 'last_trigger' of '64-bit' type from '$realtime' of 'real' type
    at line 281 in C:\Users\segur\.vscode\extensions\amiq.dvt-26.1.11-win32-x64\dvt_home\common\predefined_projects\libs\uvm-1.2\src\base\uvm_heartbeat.svh:281 [compile index 62]
*** Warning: WIDTH_MISMATCH_PADDING: Assignment to 'value' of '64-bit' type from 'm_locked' of '1-bit' type
    at line 145 in C:\Users\segur\.vscode\extensions\amiq.dvt-26.1.11-win32-x64\dvt_home\common\predefined_projects\libs\uvm-1.2\src\dap\uvm_get_to_lock_dap.svh:145 [compile index 69]
*** Warning: WIDTH_MISMATCH_PADDING: Assignment to 'value' of '64-bit' type from 'm_num_last_reqs' of '32-bit' type
    at line 241 in C:\Users\segur\.vscode\extensions\amiq.dvt-26.1.11-win32-x64\dvt_home\common\predefined_projects\libs\uvm-1.2\src\seq\uvm_sequencer_param_base.svh:241 [compile index 102]
*** Warning: WIDTH_MISMATCH_PADDING: Assignment to 'value' of '64-bit' type from 'm_num_last_rsps' of '32-bit' type
    at line 242 in C:\Users\segur\.vscode\extensions\amiq.dvt-26.1.11-win32-x64\dvt_home\common\predefined_projects\libs\uvm-1.2\src\seq\uvm_sequencer_param_base.svh:242 [compile index 102]
*** Warning: WIDTH_MISMATCH_PADDING: Assignment to 'value' of '64-bit' type from 'min_random_count' of '32-bit' type
    at line 790 in C:\Users\segur\.vscode\extensions\amiq.dvt-26.1.11-win32-x64\dvt_home\common\predefined_projects\libs\uvm-1.2\src\seq\uvm_sequence_library.svh:790 [compile index 107]
*** Warning: WIDTH_MISMATCH_PADDING: Assignment to 'value' of '64-bit' type from 'max_random_count' of '32-bit' type
    at line 791 in C:\Users\segur\.vscode\extensions\amiq.dvt-26.1.11-win32-x64\dvt_home\common\predefined_projects\libs\uvm-1.2\src\seq\uvm_sequence_library.svh:791 [compile index 107]
*** Warning: WIDTH_MISMATCH_PADDING: Assignment to 'value' of '64-bit' type from 'sequence_count' of '32-bit' type
    at line 793 in C:\Users\segur\.vscode\extensions\amiq.dvt-26.1.11-win32-x64\dvt_home\common\predefined_projects\libs\uvm-1.2\src\seq\uvm_sequence_library.svh:793 [compile index 107]
*** Warning: WIDTH_MISMATCH_PADDING: Assignment to 'value' of '64-bit' type from 'seqs_distrib[typ]' of '32-bit' type
    at line 807 in C:\Users\segur\.vscode\extensions\amiq.dvt-26.1.11-win32-x64\dvt_home\common\predefined_projects\libs\uvm-1.2\src\seq\uvm_sequence_library.svh:807 [compile index 107]
*** Warning: WIDTH_MISMATCH_TRUNCATION: Assignment to 'scope_separator' of '8-bit' type from 'UVM_DEC' of '32-bit' type
    at line 807 in C:\Users\segur\.vscode\extensions\amiq.dvt-26.1.11-win32-x64\dvt_home\common\predefined_projects\libs\uvm-1.2\src\seq\uvm_sequence_library.svh:807 [compile index 107]
*** Warning: WIDTH_MISMATCH_PADDING: Assignment to 'lhs' of '64-bit' type from 'l_count' of '32-bit' type
    at line 120 in C:\Users\segur\.vscode\extensions\amiq.dvt-26.1.11-win32-x64\dvt_home\common\predefined_projects\libs\uvm-1.2\src\seq\uvm_sequence_builtin.svh:120 [compile index 108]
*** Warning: WIDTH_MISMATCH_PADDING: Assignment to 'rhs' of '64-bit' type from 'l_count' of '32-bit' type
    at line 120 in C:\Users\segur\.vscode\extensions\amiq.dvt-26.1.11-win32-x64\dvt_home\common\predefined_projects\libs\uvm-1.2\src\seq\uvm_sequence_builtin.svh:120 [compile index 108]
*** Warning: WIDTH_MISMATCH_PADDING: Assignment to 'value' of '64-bit' type from 'l_count' of '32-bit' type
    at line 125 in C:\Users\segur\.vscode\extensions\amiq.dvt-26.1.11-win32-x64\dvt_home\common\predefined_projects\libs\uvm-1.2\src\seq\uvm_sequence_builtin.svh:125 [compile index 108]
*** Warning: WIDTH_MISMATCH_PADDING: Assignment to 'value' of '64-bit' type from 'l_count' of '32-bit' type
    at line 129 in C:\Users\segur\.vscode\extensions\amiq.dvt-26.1.11-win32-x64\dvt_home\common\predefined_projects\libs\uvm-1.2\src\seq\uvm_sequence_builtin.svh:129 [compile index 108]
*** Warning: WIDTH_MISMATCH_PADDING: Assignment to 'req_kind' of '32-bit' type from 'l_kind' of '10-bit' type
    at line 201 in C:\Users\segur\.vscode\extensions\amiq.dvt-26.1.11-win32-x64\dvt_home\common\predefined_projects\libs\uvm-1.2\src\seq\uvm_sequence_builtin.svh:201 [compile index 108]
*** Warning: WIDTH_MISMATCH_PADDING: Assignment to 'lhs' of '64-bit' type from 'l_count' of '32-bit' type
    at line 221 in C:\Users\segur\.vscode\extensions\amiq.dvt-26.1.11-win32-x64\dvt_home\common\predefined_projects\libs\uvm-1.2\src\seq\uvm_sequence_builtin.svh:221 [compile index 108]
*** Warning: WIDTH_MISMATCH_PADDING: Assignment to 'rhs' of '64-bit' type from 'l_count' of '32-bit' type
    at line 221 in C:\Users\segur\.vscode\extensions\amiq.dvt-26.1.11-win32-x64\dvt_home\common\predefined_projects\libs\uvm-1.2\src\seq\uvm_sequence_builtin.svh:221 [compile index 108]
*** Warning: WIDTH_MISMATCH_PADDING: Assignment to 'value' of '64-bit' type from 'l_count' of '32-bit' type
    at line 226 in C:\Users\segur\.vscode\extensions\amiq.dvt-26.1.11-win32-x64\dvt_home\common\predefined_projects\libs\uvm-1.2\src\seq\uvm_sequence_builtin.svh:226 [compile index 108]
*** Warning: WIDTH_MISMATCH_PADDING: Assignment to 'value' of '64-bit' type from 'l_count' of '32-bit' type
    at line 230 in C:\Users\segur\.vscode\extensions\amiq.dvt-26.1.11-win32-x64\dvt_home\common\predefined_projects\libs\uvm-1.2\src\seq\uvm_sequence_builtin.svh:230 [compile index 108]
*** Warning: WIDTH_MISMATCH_PADDING: Assignment to 'value' of '64-bit' type from 'm_streaming_width' of '32-bit' type
    at line 393 in C:\Users\segur\.vscode\extensions\amiq.dvt-26.1.11-win32-x64\dvt_home\common\predefined_projects\libs\uvm-1.2\src\tlm2\uvm_tlm2_generic_payload.svh:393 [compile index 112]
*** Warning: WIDTH_MISMATCH_TRUNCATION: Assignment to 'm_data[i]' of '8-bit' type from '__var' of '32-bit' type
    at line 549 in C:\Users\segur\.vscode\extensions\amiq.dvt-26.1.11-win32-x64\dvt_home\common\predefined_projects\libs\uvm-1.2\src\tlm2\uvm_tlm2_generic_payload.svh:549 [compile index 112]
*** Warning: WIDTH_MISMATCH_TRUNCATION: Assignment to 'm_byte_enable[i]' of '8-bit' type from '__var' of '32-bit' type
    at line 555 in C:\Users\segur\.vscode\extensions\amiq.dvt-26.1.11-win32-x64\dvt_home\common\predefined_projects\libs\uvm-1.2\src\tlm2\uvm_tlm2_generic_payload.svh:555 [compile index 112]
*** Warning: WIDTH_MISMATCH_PADDING: Assignment to 'value' of '64-bit' type from 'm_length' of '32-bit' type
    at line 569 in C:\Users\segur\.vscode\extensions\amiq.dvt-26.1.11-win32-x64\dvt_home\common\predefined_projects\libs\uvm-1.2\src\tlm2\uvm_tlm2_generic_payload.svh:569 [compile index 112]
*** Warning: WIDTH_MISMATCH_PADDING: Assignment to 'value' of '64-bit' type from 'm_byte_enable_length' of '32-bit' type
    at line 570 in C:\Users\segur\.vscode\extensions\amiq.dvt-26.1.11-win32-x64\dvt_home\common\predefined_projects\libs\uvm-1.2\src\tlm2\uvm_tlm2_generic_payload.svh:570 [compile index 112]
*** Warning: WIDTH_MISMATCH_PADDING: Assignment to 'value' of '64-bit' type from 'm_streaming_width' of '32-bit' type
    at line 572 in C:\Users\segur\.vscode\extensions\amiq.dvt-26.1.11-win32-x64\dvt_home\common\predefined_projects\libs\uvm-1.2\src\tlm2\uvm_tlm2_generic_payload.svh:572 [compile index 112]
*** Warning: WIDTH_MISMATCH_PADDING: Assignment to 'value' of '64-bit' type from 'm_data[i]' of '8-bit' type
    at line 575 in C:\Users\segur\.vscode\extensions\amiq.dvt-26.1.11-win32-x64\dvt_home\common\predefined_projects\libs\uvm-1.2\src\tlm2\uvm_tlm2_generic_payload.svh:575 [compile index 112]
*** Warning: WIDTH_MISMATCH_PADDING: Assignment to 'value' of '64-bit' type from 'm_byte_enable[i]' of '8-bit' type
    at line 578 in C:\Users\segur\.vscode\extensions\amiq.dvt-26.1.11-win32-x64\dvt_home\common\predefined_projects\libs\uvm-1.2\src\tlm2\uvm_tlm2_generic_payload.svh:578 [compile index 112]
*** Warning: WIDTH_MISMATCH_TRUNCATION: Assignment to 'be' of '8-bit' type from '- 1' of '32-bit' type
    at line 662 in C:\Users\segur\.vscode\extensions\amiq.dvt-26.1.11-win32-x64\dvt_home\common\predefined_projects\libs\uvm-1.2\src\reg\uvm_reg_field.svh:662 [compile index 126]
*** Warning: WIDTH_MISMATCH_TRUNCATION: Assignment to 'be' of '8-bit' type from '- 1' of '32-bit' type
    at line 689 in C:\Users\segur\.vscode\extensions\amiq.dvt-26.1.11-win32-x64\dvt_home\common\predefined_projects\libs\uvm-1.2\src\reg\uvm_reg_field.svh:689 [compile index 126]
*** Warning: WIDTH_MISMATCH_TRUNCATION: Assignment to 'be' of '8-bit' type from '- 1' of '32-bit' type
    at line 1089 in C:\Users\segur\.vscode\extensions\amiq.dvt-26.1.11-win32-x64\dvt_home\common\predefined_projects\libs\uvm-1.2\src\reg\uvm_reg_field.svh:1089 [compile index 126]
*** Warning: WIDTH_MISMATCH_TRUNCATION: Assignment to 'be' of '8-bit' type from '- 1' of '32-bit' type
    at line 1110 in C:\Users\segur\.vscode\extensions\amiq.dvt-26.1.11-win32-x64\dvt_home\common\predefined_projects\libs\uvm-1.2\src\reg\uvm_reg_field.svh:1110 [compile index 126]
*** Warning: WIDTH_MISMATCH_TRUNCATION: Assignment to 'be' of '8-bit' type from '- 1' of '32-bit' type
    at line 633 in C:\Users\segur\.vscode\extensions\amiq.dvt-26.1.11-win32-x64\dvt_home\common\predefined_projects\libs\uvm-1.2\src\reg\uvm_reg.svh:633 [compile index 128]
*** Warning: WIDTH_MISMATCH_TRUNCATION: Assignment to 'be' of '8-bit' type from '- 1' of '32-bit' type
    at line 682 in C:\Users\segur\.vscode\extensions\amiq.dvt-26.1.11-win32-x64\dvt_home\common\predefined_projects\libs\uvm-1.2\src\reg\uvm_reg.svh:682 [compile index 128]
*** Warning: WIDTH_MISMATCH_PADDING: Assignment to 'offset' of '64-bit' type from '- 1' of '32-bit' type
    at line 1296 in C:\Users\segur\.vscode\extensions\amiq.dvt-26.1.11-win32-x64\dvt_home\common\predefined_projects\libs\uvm-1.2\src\reg\uvm_reg.svh:1296 [compile index 128]
*** Warning: WIDTH_MISMATCH_TRUNCATION: Returning 'm_hdl_paths_pool.exists()' of '32-bit' type for function of '1-bit' return type
    at line 1418 in C:\Users\segur\.vscode\extensions\amiq.dvt-26.1.11-win32-x64\dvt_home\common\predefined_projects\libs\uvm-1.2\src\reg\uvm_reg.svh:1418 [compile index 128]
*** Warning: WIDTH_MISMATCH_PADDING: Returning '- 1' of '32-bit' type for function of '64-bit' return type
    at line 1720 in C:\Users\segur\.vscode\extensions\amiq.dvt-26.1.11-win32-x64\dvt_home\common\predefined_projects\libs\uvm-1.2\src\reg\uvm_reg.svh:1720 [compile index 128]
*** Warning: WIDTH_MISMATCH_PADDING: Returning '- 1' of '32-bit' type for function of '64-bit' return type
    at line 1728 in C:\Users\segur\.vscode\extensions\amiq.dvt-26.1.11-win32-x64\dvt_home\common\predefined_projects\libs\uvm-1.2\src\reg\uvm_reg.svh:1728 [compile index 128]
*** Warning: WIDTH_MISMATCH_TRUNCATION: Assignment to 'be' of '8-bit' type from '- 1' of '32-bit' type
    at line 1941 in C:\Users\segur\.vscode\extensions\amiq.dvt-26.1.11-win32-x64\dvt_home\common\predefined_projects\libs\uvm-1.2\src\reg\uvm_reg.svh:1941 [compile index 128]
*** Warning: WIDTH_MISMATCH_TRUNCATION: Assignment to 'be' of '8-bit' type from '- 1' of '32-bit' type
    at line 1962 in C:\Users\segur\.vscode\extensions\amiq.dvt-26.1.11-win32-x64\dvt_home\common\predefined_projects\libs\uvm-1.2\src\reg\uvm_reg.svh:1962 [compile index 128]
*** Warning: WIDTH_MISMATCH_PADDING: Assignment to 'byte_en' of '64-bit' type from '- 1' of '32-bit' type
    at line 2287 in C:\Users\segur\.vscode\extensions\amiq.dvt-26.1.11-win32-x64\dvt_home\common\predefined_projects\libs\uvm-1.2\src\reg\uvm_reg.svh:2287 [compile index 128]
*** Warning: WIDTH_MISMATCH_PADDING: Assignment to 'byte_en' of '64-bit' type from '- 1' of '32-bit' type
    at line 2545 in C:\Users\segur\.vscode\extensions\amiq.dvt-26.1.11-win32-x64\dvt_home\common\predefined_projects\libs\uvm-1.2\src\reg\uvm_reg.svh:2545 [compile index 128]
*** Warning: WIDTH_MISMATCH_PADDING: Assignment to 'value' of '1024-bit' type from 'rw.value[0]' of '64-bit' type
    at line 2688 in C:\Users\segur\.vscode\extensions\amiq.dvt-26.1.11-win32-x64\dvt_home\common\predefined_projects\libs\uvm-1.2\src\reg\uvm_reg.svh:2688 [compile index 128]
*** Warning: WIDTH_MISMATCH_PADDING: Assignment to 'value' of '1024-bit' type from 'slice' of '64-bit' type
    at line 2695 in C:\Users\segur\.vscode\extensions\amiq.dvt-26.1.11-win32-x64\dvt_home\common\predefined_projects\libs\uvm-1.2\src\reg\uvm_reg.svh:2695 [compile index 128]
*** Warning: WIDTH_MISMATCH_TRUNCATION: Assignment to 'val' of '64-bit' type from 'value' of '1024-bit' type
    at line 2725 in C:\Users\segur\.vscode\extensions\amiq.dvt-26.1.11-win32-x64\dvt_home\common\predefined_projects\libs\uvm-1.2\src\reg\uvm_reg.svh:2725 [compile index 128]
*** Warning: WIDTH_MISMATCH_TRUNCATION: Assignment to 'slice' of '64-bit' type from 'value' of '1024-bit' type
    at line 2732 in C:\Users\segur\.vscode\extensions\amiq.dvt-26.1.11-win32-x64\dvt_home\common\predefined_projects\libs\uvm-1.2\src\reg\uvm_reg.svh:2732 [compile index 128]
*** Warning: WIDTH_MISMATCH_TRUNCATION: Assignment to 'offset' of '32-bit' type from 'parent_map.get_submap_offset()' of '64-bit' type
    at line 3020 in C:\Users\segur\.vscode\extensions\amiq.dvt-26.1.11-win32-x64\dvt_home\common\predefined_projects\libs\uvm-1.2\src\reg\uvm_reg.svh:3020 [compile index 128]
*** Warning: WIDTH_MISMATCH_TRUNCATION: Assignment to 'offset' of '32-bit' type from 'this_map.get_base_addr()' of '64-bit' type
    at line 3020 in C:\Users\segur\.vscode\extensions\amiq.dvt-26.1.11-win32-x64\dvt_home\common\predefined_projects\libs\uvm-1.2\src\reg\uvm_reg.svh:3020 [compile index 128]
*** Warning: WIDTH_MISMATCH_TRUNCATION: Returning 'hdl_paths_pool.exists()' of '32-bit' type for function of '1-bit' return type
    at line 309 in C:\Users\segur\.vscode\extensions\amiq.dvt-26.1.11-win32-x64\dvt_home\common\predefined_projects\libs\uvm-1.2\src\reg\uvm_reg_file.svh:309 [compile index 131]
*** Warning: WIDTH_MISMATCH_TRUNCATION: Returning 'size' of '64-bit' type for function of '32-bit' return type
    at line 1099 in C:\Users\segur\.vscode\extensions\amiq.dvt-26.1.11-win32-x64\dvt_home\common\predefined_projects\libs\uvm-1.2\src\reg\uvm_vreg.svh:1099 [compile index 133]
*** Warning: WIDTH_MISMATCH_TRUNCATION: Returning 'hdl_paths_pool.exists()' of '32-bit' type for function of '1-bit' return type
    at line 2006 in C:\Users\segur\.vscode\extensions\amiq.dvt-26.1.11-win32-x64\dvt_home\common\predefined_projects\libs\uvm-1.2\src\reg\uvm_reg_block.svh:2006 [compile index 136]
*** Warning: WIDTH_MISMATCH_TRUNCATION: Returning 'root_hdl_paths.exists()' of '32-bit' type for function of '1-bit' return type
    at line 2123 in C:\Users\segur\.vscode\extensions\amiq.dvt-26.1.11-win32-x64\dvt_home\common\predefined_projects\libs\uvm-1.2\src\reg\uvm_reg_block.svh:2123 [compile index 136]
*** Warning: WIDTH_MISMATCH_PADDING: Returning '- 1' of '32-bit' type for function of '64-bit' return type
    at line 1218 in C:\Users\segur\.vscode\extensions\amiq.dvt-26.1.11-win32-x64\dvt_home\common\predefined_projects\libs\uvm-1.2\src\reg\uvm_mem.svh:1218 [compile index 134]
*** Warning: WIDTH_MISMATCH_PADDING: Returning '- 1' of '32-bit' type for function of '64-bit' return type
    at line 1226 in C:\Users\segur\.vscode\extensions\amiq.dvt-26.1.11-win32-x64\dvt_home\common\predefined_projects\libs\uvm-1.2\src\reg\uvm_mem.svh:1226 [compile index 134]
*** Warning: WIDTH_MISMATCH_TRUNCATION: Assignment to 'slice' of '64-bit' type from 'value' of '1024-bit' type
    at line 2074 in C:\Users\segur\.vscode\extensions\amiq.dvt-26.1.11-win32-x64\dvt_home\common\predefined_projects\libs\uvm-1.2\src\reg\uvm_mem.svh:2074 [compile index 134]
*** Warning: WIDTH_MISMATCH_TRUNCATION: Assignment to 'rw.value[mem_idx]' of '64-bit' type from 'val' of '1024-bit' type
    at line 2085 in C:\Users\segur\.vscode\extensions\amiq.dvt-26.1.11-win32-x64\dvt_home\common\predefined_projects\libs\uvm-1.2\src\reg\uvm_mem.svh:2085 [compile index 134]
*** Warning: WIDTH_MISMATCH_PADDING: Assignment to 'value' of '1024-bit' type from 'rw.value[mem_idx]' of '64-bit' type
    at line 2128 in C:\Users\segur\.vscode\extensions\amiq.dvt-26.1.11-win32-x64\dvt_home\common\predefined_projects\libs\uvm-1.2\src\reg\uvm_mem.svh:2128 [compile index 134]
*** Warning: WIDTH_MISMATCH_PADDING: Assignment to 'value' of '1024-bit' type from 'slice' of '64-bit' type
    at line 2135 in C:\Users\segur\.vscode\extensions\amiq.dvt-26.1.11-win32-x64\dvt_home\common\predefined_projects\libs\uvm-1.2\src\reg\uvm_mem.svh:2135 [compile index 134]
*** Warning: WIDTH_MISMATCH_TRUNCATION: Returning 'm_hdl_paths_pool.exists()' of '32-bit' type for function of '1-bit' return type
    at line 2204 in C:\Users\segur\.vscode\extensions\amiq.dvt-26.1.11-win32-x64\dvt_home\common\predefined_projects\libs\uvm-1.2\src\reg\uvm_mem.svh:2204 [compile index 134]
*** Warning: WIDTH_MISMATCH_TRUNCATION: Assignment to 'offset' of '32-bit' type from 'parent_map.get_submap_offset()' of '64-bit' type
    at line 2325 in C:\Users\segur\.vscode\extensions\amiq.dvt-26.1.11-win32-x64\dvt_home\common\predefined_projects\libs\uvm-1.2\src\reg\uvm_mem.svh:2325 [compile index 134]
*** Warning: WIDTH_MISMATCH_TRUNCATION: Assignment to 'offset' of '32-bit' type from 'this_map.get_base_addr()' of '64-bit' type
    at line 2325 in C:\Users\segur\.vscode\extensions\amiq.dvt-26.1.11-win32-x64\dvt_home\common\predefined_projects\libs\uvm-1.2\src\reg\uvm_mem.svh:2325 [compile index 134]
*** Warning: WIDTH_MISMATCH_PADDING: Assignment to 'value' of '64-bit' type from 'get_n_bits()' of '32-bit' type
    at line 2353 in C:\Users\segur\.vscode\extensions\amiq.dvt-26.1.11-win32-x64\dvt_home\common\predefined_projects\libs\uvm-1.2\src\reg\uvm_mem.svh:2353 [compile index 134]
*** Warning: WIDTH_MISMATCH_PADDING: Assignment to 'offset' of '64-bit' type from '- 1' of '32-bit' type
    at line 840 in C:\Users\segur\.vscode\extensions\amiq.dvt-26.1.11-win32-x64\dvt_home\common\predefined_projects\libs\uvm-1.2\src\reg\uvm_reg_map.svh:840 [compile index 135]
*** Warning: WIDTH_MISMATCH_PADDING: Assignment to 'offset' of '64-bit' type from '- 1' of '32-bit' type
    at line 973 in C:\Users\segur\.vscode\extensions\amiq.dvt-26.1.11-win32-x64\dvt_home\common\predefined_projects\libs\uvm-1.2\src\reg\uvm_reg_map.svh:973 [compile index 135]
*** Warning: WIDTH_MISMATCH_PADDING: Returning '- 1' of '32-bit' type for function of '64-bit' return type
    at line 1531 in C:\Users\segur\.vscode\extensions\amiq.dvt-26.1.11-win32-x64\dvt_home\common\predefined_projects\libs\uvm-1.2\src\reg\uvm_reg_map.svh:1531 [compile index 135]
*** Warning: WIDTH_MISMATCH_PADDING: Returning '- 1' of '32-bit' type for function of '64-bit' return type
    at line 1536 in C:\Users\segur\.vscode\extensions\amiq.dvt-26.1.11-win32-x64\dvt_home\common\predefined_projects\libs\uvm-1.2\src\reg\uvm_reg_map.svh:1536 [compile index 135]
*** Warning: WIDTH_MISMATCH_TRUNCATION: Assignment to 'byte_en' of '8-bit' type from '- 1' of '32-bit' type
    at line 1842 in C:\Users\segur\.vscode\extensions\amiq.dvt-26.1.11-win32-x64\dvt_home\common\predefined_projects\libs\uvm-1.2\src\reg\uvm_reg_map.svh:1842 [compile index 135]
*** Warning: WIDTH_MISMATCH_TRUNCATION: Assignment to 'byte_en' of '8-bit' type from '- 1' of '32-bit' type
    at line 1986 in C:\Users\segur\.vscode\extensions\amiq.dvt-26.1.11-win32-x64\dvt_home\common\predefined_projects\libs\uvm-1.2\src\reg\uvm_reg_map.svh:1986 [compile index 135]
*** Warning: WIDTH_MISMATCH_PADDING: Assignment to 'data' of '64-bit' type from 'curr_byte' of '32-bit' type
    at line 2045 in C:\Users\segur\.vscode\extensions\amiq.dvt-26.1.11-win32-x64\dvt_home\common\predefined_projects\libs\uvm-1.2\src\reg\uvm_reg_map.svh:2045 [compile index 135]
*** Warning: WIDTH_MISMATCH_TRUNCATION: Assignment to 'curr_byte_' of '32-bit' type from 'data' of '64-bit' type
    at line 2066 in C:\Users\segur\.vscode\extensions\amiq.dvt-26.1.11-win32-x64\dvt_home\common\predefined_projects\libs\uvm-1.2\src\reg\uvm_reg_map.svh:2066 [compile index 135]
*** Warning: WIDTH_MISMATCH_PADDING: Assignment to 'offset' of '64-bit' type from '- 1' of '32-bit' type
    at line 110 in C:\Users\segur\.vscode\extensions\amiq.dvt-26.1.11-win32-x64\dvt_home\common\predefined_projects\libs\uvm-1.2\src\reg\uvm_reg_indirect.svh:110 [compile index 129]
*** Warning: WIDTH_MISMATCH_TRUNCATION: Assignment to 'be' of '8-bit' type from '- 1' of '32-bit' type
    at line 116 in C:\Users\segur\.vscode\extensions\amiq.dvt-26.1.11-win32-x64\dvt_home\common\predefined_projects\libs\uvm-1.2\src\reg\uvm_reg_indirect.svh:116 [compile index 129]
*** Warning: WIDTH_MISMATCH_TRUNCATION: Assignment to 'idx' of '32-bit' type from 'm_idx.get()' of '64-bit' type
    at line 125 in C:\Users\segur\.vscode\extensions\amiq.dvt-26.1.11-win32-x64\dvt_home\common\predefined_projects\libs\uvm-1.2\src\reg\uvm_reg_indirect.svh:125 [compile index 129]
*** Warning: WIDTH_MISMATCH_TRUNCATION: Assignment to 'idx' of '32-bit' type from 'm_idx.get_mirrored_value()' of '64-bit' type
    at line 156 in C:\Users\segur\.vscode\extensions\amiq.dvt-26.1.11-win32-x64\dvt_home\common\predefined_projects\libs\uvm-1.2\src\reg\uvm_reg_indirect.svh:156 [compile index 129]
*** Warning: WIDTH_MISMATCH_PADDING: Assignment to 'rw.value[0]' of '64-bit' type from 'm_idx' of '32-bit' type
    at line 303 in C:\Users\segur\.vscode\extensions\amiq.dvt-26.1.11-win32-x64\dvt_home\common\predefined_projects\libs\uvm-1.2\src\reg\uvm_reg_indirect.svh:303 [compile index 129]
*** Warning: WIDTH_MISMATCH_TRUNCATION: Assignment to 'rw.byte_en[i]' of '1-bit' type from 'gp.m_byte_enable[i]' of '8-bit' type
    at line 241 in C:\Users\segur\.vscode\extensions\amiq.dvt-26.1.11-win32-x64\dvt_home\common\predefined_projects\libs\uvm-1.2\src\reg\uvm_reg_adapter.svh:241 [compile index 121]
*** Warning: WIDTH_MISMATCH_TRUNCATION: Assignment to 'byte_en' of '8-bit' type from '- 1' of '32-bit' type
    at line 149 in C:\Users\segur\.vscode\extensions\amiq.dvt-26.1.11-win32-x64\dvt_home\common\predefined_projects\libs\uvm-1.2\src\reg\uvm_reg_predictor.svh:149 [compile index 122]
*** Warning: WIDTH_MISMATCH_PADDING: Assignment to 'byte_en' of '64-bit' type from 'byte_en' of '8-bit' type
    at line 207 in C:\Users\segur\.vscode\extensions\amiq.dvt-26.1.11-win32-x64\dvt_home\common\predefined_projects\libs\uvm-1.2\src\reg\uvm_reg_predictor.svh:207 [compile index 122]
*** Warning: WIDTH_MISMATCH_PADDING: Assignment to 'reset' of '64-bit' type from '32'h0' of '32-bit' type
    at line 79 in C:\Users\segur\.vscode\extensions\amiq.dvt-26.1.11-win32-x64\dvt_home\common\predefined_projects\libs\uvm-1.2\src\reg\uvm_reg_fifo.svh:79 [compile index 130]
*** Warning: WIDTH_MISMATCH_TRUNCATION: Assignment to 'be' of '8-bit' type from '- 1' of '32-bit' type
    at line 228 in C:\Users\segur\.vscode\extensions\amiq.dvt-26.1.11-win32-x64\dvt_home\common\predefined_projects\libs\uvm-1.2\src\reg\uvm_reg_fifo.svh:228 [compile index 130]
*** Warning: WIDTH_MISMATCH_TRUNCATION: Assignment to 'dc_mask[next_lsb]' of '1-bit' type from 'dc' of '32-bit' type
    at line 120 in C:\Users\segur\.vscode\extensions\amiq.dvt-26.1.11-win32-x64\dvt_home\common\predefined_projects\libs\uvm-1.2\src\reg\sequences\uvm_reg_bit_bash_seq.svh:120 [compile index 138]
*** Warning: WIDTH_MISMATCH_PADDING: Assignment to 'offset' of '64-bit' type from 'k' of '32-bit' type
    at line 127 in C:\Users\segur\.vscode\extensions\amiq.dvt-26.1.11-win32-x64\dvt_home\common\predefined_projects\libs\uvm-1.2\src\reg\sequences\uvm_mem_walk_seq.svh:127 [compile index 139]
*** Warning: WIDTH_MISMATCH_PADDING: Assignment to 'offset' of '64-bit' type from 'k' of '32-bit' type
    at line 157 in C:\Users\segur\.vscode\extensions\amiq.dvt-26.1.11-win32-x64\dvt_home\common\predefined_projects\libs\uvm-1.2\src\reg\sequences\uvm_mem_walk_seq.svh:157 [compile index 139]
*** Warning: WIDTH_MISMATCH_PADDING: Assignment to 'offset' of '64-bit' type from 'k' of '32-bit' type
    at line 116 in C:\Users\segur\.vscode\extensions\amiq.dvt-26.1.11-win32-x64\dvt_home\common\predefined_projects\libs\uvm-1.2\src\reg\sequences\uvm_mem_access_seq.svh:116 [compile index 140]
*** Warning: WIDTH_MISMATCH_PADDING: Assignment to 'offset' of '64-bit' type from 'k' of '32-bit' type
    at line 124 in C:\Users\segur\.vscode\extensions\amiq.dvt-26.1.11-win32-x64\dvt_home\common\predefined_projects\libs\uvm-1.2\src\reg\sequences\uvm_mem_access_seq.svh:124 [compile index 140]
*** Warning: WIDTH_MISMATCH_PADDING: Assignment to 'offset' of '64-bit' type from 'k' of '32-bit' type
    at line 132 in C:\Users\segur\.vscode\extensions\amiq.dvt-26.1.11-win32-x64\dvt_home\common\predefined_projects\libs\uvm-1.2\src\reg\sequences\uvm_mem_access_seq.svh:132 [compile index 140]
*** Warning: WIDTH_MISMATCH_PADDING: Assignment to 'offset' of '64-bit' type from 'k' of '32-bit' type
    at line 145 in C:\Users\segur\.vscode\extensions\amiq.dvt-26.1.11-win32-x64\dvt_home\common\predefined_projects\libs\uvm-1.2\src\reg\sequences\uvm_mem_access_seq.svh:145 [compile index 140]
*** Warning: WIDTH_MISMATCH_PADDING: Assignment to 'offset' of '64-bit' type from 'k' of '32-bit' type
    at line 151 in C:\Users\segur\.vscode\extensions\amiq.dvt-26.1.11-win32-x64\dvt_home\common\predefined_projects\libs\uvm-1.2\src\reg\sequences\uvm_mem_access_seq.svh:151 [compile index 140]
*** Warning: WIDTH_MISMATCH_PADDING: Assignment to 'offset' of '64-bit' type from 'offset' of '32-bit' type
    at line 274 in C:\Users\segur\.vscode\extensions\amiq.dvt-26.1.11-win32-x64\dvt_home\common\predefined_projects\libs\uvm-1.2\src\reg\sequences\uvm_reg_mem_shared_access_seq.svh:274 [compile index 142]
*** Warning: WIDTH_MISMATCH_PADDING: Assignment to 'offset' of '64-bit' type from 'offset' of '32-bit' type
    at line 281 in C:\Users\segur\.vscode\extensions\amiq.dvt-26.1.11-win32-x64\dvt_home\common\predefined_projects\libs\uvm-1.2\src\reg\sequences\uvm_reg_mem_shared_access_seq.svh:281 [compile index 142]
*** Warning: WIDTH_MISMATCH_PADDING: Assignment to 'offset' of '64-bit' type from 'offset' of '32-bit' type
    at line 293 in C:\Users\segur\.vscode\extensions\amiq.dvt-26.1.11-win32-x64\dvt_home\common\predefined_projects\libs\uvm-1.2\src\reg\sequences\uvm_reg_mem_shared_access_seq.svh:293 [compile index 142]
*** Warning: WIDTH_MISMATCH_PADDING: Assignment to 'offset' of '64-bit' type from 'offset' of '32-bit' type
    at line 303 in C:\Users\segur\.vscode\extensions\amiq.dvt-26.1.11-win32-x64\dvt_home\common\predefined_projects\libs\uvm-1.2\src\reg\sequences\uvm_reg_mem_shared_access_seq.svh:303 [compile index 142]
*** Warning: WIDTH_MISMATCH_TRUNCATION: Assignment to 'd' of '64-bit' type from 'value' of '1024-bit' type
    at line 138 in C:\Users\segur\.vscode\extensions\amiq.dvt-26.1.11-win32-x64\dvt_home\common\predefined_projects\libs\uvm-1.2\src\reg\sequences\uvm_reg_mem_hdl_paths_seq.svh:138 [compile index 144]
*** Warning: WIDTH_MISMATCH_PADDING: Assignment to 'reset' of '64-bit' type from ''h1' of '32-bit' type
    at line 22 in C:\Users\segur\OneDrive\Escritorio\Proyecto_2_UVM\Proyecto_2_UVM\Proyecto\APB\aligner_apb_registerfile_model.sv:22 [compile index 147]
*** Warning: WIDTH_MISMATCH_PADDING: Assignment to 'reset' of '64-bit' type from ''h0' of '32-bit' type
    at line 24 in C:\Users\segur\OneDrive\Escritorio\Proyecto_2_UVM\Proyecto_2_UVM\Proyecto\APB\aligner_apb_registerfile_model.sv:24 [compile index 147]
*** Warning: WIDTH_MISMATCH_PADDING: Assignment to 'reset' of '64-bit' type from ''h0' of '32-bit' type
    at line 26 in C:\Users\segur\OneDrive\Escritorio\Proyecto_2_UVM\Proyecto_2_UVM\Proyecto\APB\aligner_apb_registerfile_model.sv:26 [compile index 147]
*** Warning: WIDTH_MISMATCH_PADDING: Assignment to 'reset' of '64-bit' type from ''h0' of '32-bit' type
    at line 28 in C:\Users\segur\OneDrive\Escritorio\Proyecto_2_UVM\Proyecto_2_UVM\Proyecto\APB\aligner_apb_registerfile_model.sv:28 [compile index 147]
*** Warning: WIDTH_MISMATCH_PADDING: Assignment to 'reset' of '64-bit' type from ''h0' of '32-bit' type
    at line 30 in C:\Users\segur\OneDrive\Escritorio\Proyecto_2_UVM\Proyecto_2_UVM\Proyecto\APB\aligner_apb_registerfile_model.sv:30 [compile index 147]
*** Warning: WIDTH_MISMATCH_PADDING: Assignment to 'reset' of '64-bit' type from ''h0' of '32-bit' type
    at line 32 in C:\Users\segur\OneDrive\Escritorio\Proyecto_2_UVM\Proyecto_2_UVM\Proyecto\APB\aligner_apb_registerfile_model.sv:32 [compile index 147]
*** Warning: WIDTH_MISMATCH_PADDING: Assignment to 'reset' of '64-bit' type from ''h0' of '32-bit' type
    at line 50 in C:\Users\segur\OneDrive\Escritorio\Proyecto_2_UVM\Proyecto_2_UVM\Proyecto\APB\aligner_apb_registerfile_model.sv:50 [compile index 147]
*** Warning: WIDTH_MISMATCH_PADDING: Assignment to 'reset' of '64-bit' type from ''h0' of '32-bit' type
    at line 52 in C:\Users\segur\OneDrive\Escritorio\Proyecto_2_UVM\Proyecto_2_UVM\Proyecto\APB\aligner_apb_registerfile_model.sv:52 [compile index 147]
*** Warning: WIDTH_MISMATCH_PADDING: Assignment to 'reset' of '64-bit' type from ''h0' of '32-bit' type
    at line 54 in C:\Users\segur\OneDrive\Escritorio\Proyecto_2_UVM\Proyecto_2_UVM\Proyecto\APB\aligner_apb_registerfile_model.sv:54 [compile index 147]
*** Warning: WIDTH_MISMATCH_PADDING: Assignment to 'reset' of '64-bit' type from ''h0' of '32-bit' type
    at line 56 in C:\Users\segur\OneDrive\Escritorio\Proyecto_2_UVM\Proyecto_2_UVM\Proyecto\APB\aligner_apb_registerfile_model.sv:56 [compile index 147]
*** Warning: WIDTH_MISMATCH_PADDING: Assignment to 'reset' of '64-bit' type from ''h0' of '32-bit' type
    at line 58 in C:\Users\segur\OneDrive\Escritorio\Proyecto_2_UVM\Proyecto_2_UVM\Proyecto\APB\aligner_apb_registerfile_model.sv:58 [compile index 147]
*** Warning: WIDTH_MISMATCH_PADDING: Assignment to 'reset' of '64-bit' type from ''h1' of '32-bit' type
    at line 77 in C:\Users\segur\OneDrive\Escritorio\Proyecto_2_UVM\Proyecto_2_UVM\Proyecto\APB\aligner_apb_registerfile_model.sv:77 [compile index 147]
*** Warning: WIDTH_MISMATCH_PADDING: Assignment to 'reset' of '64-bit' type from ''h1' of '32-bit' type
    at line 79 in C:\Users\segur\OneDrive\Escritorio\Proyecto_2_UVM\Proyecto_2_UVM\Proyecto\APB\aligner_apb_registerfile_model.sv:79 [compile index 147]
*** Warning: WIDTH_MISMATCH_PADDING: Assignment to 'reset' of '64-bit' type from ''h1' of '32-bit' type
    at line 81 in C:\Users\segur\OneDrive\Escritorio\Proyecto_2_UVM\Proyecto_2_UVM\Proyecto\APB\aligner_apb_registerfile_model.sv:81 [compile index 147]
*** Warning: WIDTH_MISMATCH_PADDING: Assignment to 'reset' of '64-bit' type from ''h1' of '32-bit' type
    at line 83 in C:\Users\segur\OneDrive\Escritorio\Proyecto_2_UVM\Proyecto_2_UVM\Proyecto\APB\aligner_apb_registerfile_model.sv:83 [compile index 147]
*** Warning: WIDTH_MISMATCH_PADDING: Assignment to 'reset' of '64-bit' type from ''h1' of '32-bit' type
    at line 85 in C:\Users\segur\OneDrive\Escritorio\Proyecto_2_UVM\Proyecto_2_UVM\Proyecto\APB\aligner_apb_registerfile_model.sv:85 [compile index 147]
*** Warning: WIDTH_MISMATCH_PADDING: Assignment to 'reset' of '64-bit' type from ''h0' of '32-bit' type
    at line 87 in C:\Users\segur\OneDrive\Escritorio\Proyecto_2_UVM\Proyecto_2_UVM\Proyecto\APB\aligner_apb_registerfile_model.sv:87 [compile index 147]
*** Warning: WIDTH_MISMATCH_PADDING: Assignment to 'reset' of '64-bit' type from ''h0' of '32-bit' type
    at line 106 in C:\Users\segur\OneDrive\Escritorio\Proyecto_2_UVM\Proyecto_2_UVM\Proyecto\APB\aligner_apb_registerfile_model.sv:106 [compile index 147]
*** Warning: WIDTH_MISMATCH_PADDING: Assignment to 'reset' of '64-bit' type from ''h0' of '32-bit' type
    at line 108 in C:\Users\segur\OneDrive\Escritorio\Proyecto_2_UVM\Proyecto_2_UVM\Proyecto\APB\aligner_apb_registerfile_model.sv:108 [compile index 147]
*** Warning: WIDTH_MISMATCH_PADDING: Assignment to 'reset' of '64-bit' type from ''h0' of '32-bit' type
    at line 110 in C:\Users\segur\OneDrive\Escritorio\Proyecto_2_UVM\Proyecto_2_UVM\Proyecto\APB\aligner_apb_registerfile_model.sv:110 [compile index 147]
*** Warning: WIDTH_MISMATCH_PADDING: Assignment to 'reset' of '64-bit' type from ''h0' of '32-bit' type
    at line 112 in C:\Users\segur\OneDrive\Escritorio\Proyecto_2_UVM\Proyecto_2_UVM\Proyecto\APB\aligner_apb_registerfile_model.sv:112 [compile index 147]
*** Warning: WIDTH_MISMATCH_PADDING: Assignment to 'reset' of '64-bit' type from ''h0' of '32-bit' type
    at line 114 in C:\Users\segur\OneDrive\Escritorio\Proyecto_2_UVM\Proyecto_2_UVM\Proyecto\APB\aligner_apb_registerfile_model.sv:114 [compile index 147]
*** Warning: WIDTH_MISMATCH_PADDING: Assignment to 'reset' of '64-bit' type from ''h0' of '32-bit' type
    at line 116 in C:\Users\segur\OneDrive\Escritorio\Proyecto_2_UVM\Proyecto_2_UVM\Proyecto\APB\aligner_apb_registerfile_model.sv:116 [compile index 147]
*** Warning: WIDTH_MISMATCH_PADDING: Assignment to 'offset' of '64-bit' type from ''h0' of '32-bit' type
    at line 137 in C:\Users\segur\OneDrive\Escritorio\Proyecto_2_UVM\Proyecto_2_UVM\Proyecto\APB\aligner_apb_registerfile_model.sv:137 [compile index 147]
*** Warning: WIDTH_MISMATCH_PADDING: Assignment to 'offset' of '64-bit' type from ''hc' of '32-bit' type
    at line 142 in C:\Users\segur\OneDrive\Escritorio\Proyecto_2_UVM\Proyecto_2_UVM\Proyecto\APB\aligner_apb_registerfile_model.sv:142 [compile index 147]
*** Warning: WIDTH_MISMATCH_PADDING: Assignment to 'offset' of '64-bit' type from ''hf0' of '32-bit' type
    at line 147 in C:\Users\segur\OneDrive\Escritorio\Proyecto_2_UVM\Proyecto_2_UVM\Proyecto\APB\aligner_apb_registerfile_model.sv:147 [compile index 147]
*** Warning: WIDTH_MISMATCH_PADDING: Assignment to 'offset' of '64-bit' type from ''hf4' of '32-bit' type
    at line 152 in C:\Users\segur\OneDrive\Escritorio\Proyecto_2_UVM\Proyecto_2_UVM\Proyecto\APB\aligner_apb_registerfile_model.sv:152 [compile index 147]
*** Error: UNDECLARED_IDENTIFIER: Identifier 'm_seq_item' is not declared
    at line 7 in C:\Users\segur\OneDrive\Escritorio\Proyecto_2_UVM\Proyecto_2_UVM\Proyecto\MD\md_sequence.sv:7 [compile index 145]
*** Error: NON_EXISTING_TYPE: Non existing type 'm_seq_item'
    at line 15 in C:\Users\segur\OneDrive\Escritorio\Proyecto_2_UVM\Proyecto_2_UVM\Proyecto\MD\md_sequence.sv:15 [compile index 145]
*** Error: NON_EXISTING_TYPE: Non existing type 'm_seq_item'
    at line 37 in C:\Users\segur\OneDrive\Escritorio\Proyecto_2_UVM\Proyecto_2_UVM\Proyecto\MD\md_sequence.sv:37 [compile index 145]
*** Error: UNDECLARED_IDENTIFIER: Identifier 'data' is not a member of 'req' (type 'm_seq_item' is undeclared)
    at line 41 in C:\Users\segur\OneDrive\Escritorio\Proyecto_2_UVM\Proyecto_2_UVM\Proyecto\MD\md_sequence.sv:41 [compile index 145]
*** Error: UNDECLARED_IDENTIFIER: Identifier 'offset' is not a member of 'req' (type 'm_seq_item' is undeclared)
    at line 42 in C:\Users\segur\OneDrive\Escritorio\Proyecto_2_UVM\Proyecto_2_UVM\Proyecto\MD\md_sequence.sv:42 [compile index 145]
*** Error: UNDECLARED_IDENTIFIER: Identifier 'size' is not a member of 'req' (type 'm_seq_item' is undeclared)
    at line 43 in C:\Users\segur\OneDrive\Escritorio\Proyecto_2_UVM\Proyecto_2_UVM\Proyecto\MD\md_sequence.sv:43 [compile index 145]
*** Error: UNDECLARED_IDENTIFIER: Identifier 'randomize' is not a member of 'req' (type 'm_seq_item' is undeclared)
    at line 46 in C:\Users\segur\OneDrive\Escritorio\Proyecto_2_UVM\Proyecto_2_UVM\Proyecto\MD\md_sequence.sv:46 [compile index 145]
*** Error: UNDECLARED_IDENTIFIER: Identifier 'size' is not a member of 'req' (type 'm_seq_item' is undeclared)
    at line 47 in C:\Users\segur\OneDrive\Escritorio\Proyecto_2_UVM\Proyecto_2_UVM\Proyecto\MD\md_sequence.sv:47 [compile index 145]
*** Error: UNDECLARED_IDENTIFIER: Identifier 'offset' is not a member of 'req' (type 'm_seq_item' is undeclared)
    at line 48 in C:\Users\segur\OneDrive\Escritorio\Proyecto_2_UVM\Proyecto_2_UVM\Proyecto\MD\md_sequence.sv:48 [compile index 145]
*** Error: UNDECLARED_IDENTIFIER: Identifier 'randomize' is not a member of 'req' (type 'm_seq_item' is undeclared)
    at line 52 in C:\Users\segur\OneDrive\Escritorio\Proyecto_2_UVM\Proyecto_2_UVM\Proyecto\MD\md_sequence.sv:52 [compile index 145]
*** Error: UNDECLARED_IDENTIFIER: Identifier 'size' is not a member of 'req' (type 'm_seq_item' is undeclared)
    at line 53 in C:\Users\segur\OneDrive\Escritorio\Proyecto_2_UVM\Proyecto_2_UVM\Proyecto\MD\md_sequence.sv:53 [compile index 145]
*** Error: UNDECLARED_IDENTIFIER: Identifier 'offset' is not a member of 'req' (type 'm_seq_item' is undeclared)
    at line 54 in C:\Users\segur\OneDrive\Escritorio\Proyecto_2_UVM\Proyecto_2_UVM\Proyecto\MD\md_sequence.sv:54 [compile index 145]
*** Error: UNDECLARED_IDENTIFIER: Identifier 'size' is not a member of 'req' (type 'm_seq_item' is undeclared)
    at line 55 in C:\Users\segur\OneDrive\Escritorio\Proyecto_2_UVM\Proyecto_2_UVM\Proyecto\MD\md_sequence.sv:55 [compile index 145]
*** Error: UNDECLARED_IDENTIFIER: Identifier 'offset' is not a member of 'req' (type 'm_seq_item' is undeclared)
    at line 56 in C:\Users\segur\OneDrive\Escritorio\Proyecto_2_UVM\Proyecto_2_UVM\Proyecto\MD\md_sequence.sv:56 [compile index 145]
*** Error: UNDECLARED_IDENTIFIER: Identifier 'size' is not a member of 'req' (type 'm_seq_item' is undeclared)
    at line 56 in C:\Users\segur\OneDrive\Escritorio\Proyecto_2_UVM\Proyecto_2_UVM\Proyecto\MD\md_sequence.sv:56 [compile index 145]
*** Error: UNDECLARED_IDENTIFIER: Identifier 'm_seq_item' is not declared
    at line 70 in C:\Users\segur\OneDrive\Escritorio\Proyecto_2_UVM\Proyecto_2_UVM\Proyecto\MD\md_sequence.sv:70 [compile index 145]
*** Error: NON_EXISTING_TYPE: Non existing type 'm_seq_item'
    at line 78 in C:\Users\segur\OneDrive\Escritorio\Proyecto_2_UVM\Proyecto_2_UVM\Proyecto\MD\md_sequence.sv:78 [compile index 145]
*** Error: NON_EXISTING_TYPE: Non existing type 'm_seq_item'
    at line 90 in C:\Users\segur\OneDrive\Escritorio\Proyecto_2_UVM\Proyecto_2_UVM\Proyecto\MD\md_sequence.sv:90 [compile index 145]
*** Error: UNDECLARED_IDENTIFIER: Identifier 'randomize' is not a member of 'req' (type 'm_seq_item' is undeclared)
    at line 95 in C:\Users\segur\OneDrive\Escritorio\Proyecto_2_UVM\Proyecto_2_UVM\Proyecto\MD\md_sequence.sv:95 [compile index 145]
*** Error: UNDECLARED_IDENTIFIER: Identifier 'size' is not a member of 'req' (type 'm_seq_item' is undeclared)
    at line 96 in C:\Users\segur\OneDrive\Escritorio\Proyecto_2_UVM\Proyecto_2_UVM\Proyecto\MD\md_sequence.sv:96 [compile index 145]
*** Error: UNDECLARED_IDENTIFIER: Identifier 'offset' is not a member of 'req' (type 'm_seq_item' is undeclared)
    at line 97 in C:\Users\segur\OneDrive\Escritorio\Proyecto_2_UVM\Proyecto_2_UVM\Proyecto\MD\md_sequence.sv:97 [compile index 145]
*** Error: UNDECLARED_IDENTIFIER: Identifier 'offset' is not a member of 'req' (type 'm_seq_item' is undeclared)
    at line 98 in C:\Users\segur\OneDrive\Escritorio\Proyecto_2_UVM\Proyecto_2_UVM\Proyecto\MD\md_sequence.sv:98 [compile index 145]
*** Error: UNDECLARED_IDENTIFIER: Identifier 'size' is not a member of 'req' (type 'm_seq_item' is undeclared)
    at line 98 in C:\Users\segur\OneDrive\Escritorio\Proyecto_2_UVM\Proyecto_2_UVM\Proyecto\MD\md_sequence.sv:98 [compile index 145]
*** Error: UNDECLARED_IDENTIFIER: Identifier 'randomize' is not a member of 'req' (type 'm_seq_item' is undeclared)
    at line 102 in C:\Users\segur\OneDrive\Escritorio\Proyecto_2_UVM\Proyecto_2_UVM\Proyecto\MD\md_sequence.sv:102 [compile index 145]
*** Warning: WIDTH_MISMATCH_PADDING: Assignment to 'addr' of '32-bit' type from 'vif.monitor_cb.PADDR' of '16-bit' type
    at line 32 in C:\Users\segur\OneDrive\Escritorio\Proyecto_2_UVM\Proyecto_2_UVM\Proyecto\APB\apb_monitor.sv:32 [compile index 155]
*** Warning: WIDTH_MISMATCH_TRUNCATION: Assignment to 'addr' of '32-bit' type from 'addr' of '64-bit' type
    at line 11 in C:\Users\segur\OneDrive\Escritorio\Proyecto_2_UVM\Proyecto_2_UVM\Proyecto\APB\adapter.sv:11 [compile index 157]
*** Warning: WIDTH_MISMATCH_TRUNCATION: Assignment to 'data' of '32-bit' type from 'data' of '64-bit' type
    at line 12 in C:\Users\segur\OneDrive\Escritorio\Proyecto_2_UVM\Proyecto_2_UVM\Proyecto\APB\adapter.sv:12 [compile index 157]
*** Warning: WIDTH_MISMATCH_PADDING: Assignment to 'addr' of '64-bit' type from 'addr' of '32-bit' type
    at line 22 in C:\Users\segur\OneDrive\Escritorio\Proyecto_2_UVM\Proyecto_2_UVM\Proyecto\APB\adapter.sv:22 [compile index 157]
*** Warning: WIDTH_MISMATCH_PADDING: Assignment to 'data' of '64-bit' type from 'data' of '32-bit' type
    at line 23 in C:\Users\segur\OneDrive\Escritorio\Proyecto_2_UVM\Proyecto_2_UVM\Proyecto\APB\adapter.sv:23 [compile index 157]
*** Warning: WIDTH_MISMATCH_PADDING: Assignment to 'data' of '64-bit' type from 'rdata' of '32-bit' type
    at line 23 in C:\Users\segur\OneDrive\Escritorio\Proyecto_2_UVM\Proyecto_2_UVM\Proyecto\APB\adapter.sv:23 [compile index 157]
*** Warning: WIDTH_MISMATCH_PADDING: Assignment to 'value' of '64-bit' type from '3'h0' of '3-bit' type
    at line 22 in C:\Users\segur\OneDrive\Escritorio\Proyecto_2_UVM\Proyecto_2_UVM\Proyecto\APB\apb_sequence.sv:22 [compile index 159]
*** Warning: WIDTH_MISMATCH_PADDING: Assignment to 'value' of '64-bit' type from '3'h1' of '3-bit' type
    at line 23 in C:\Users\segur\OneDrive\Escritorio\Proyecto_2_UVM\Proyecto_2_UVM\Proyecto\APB\apb_sequence.sv:23 [compile index 159]
*** Warning: WIDTH_MISMATCH_PADDING: Assignment to 'rx_offset' of '3-bit' type from 'vif.monitor_cb.md_rx_offset' of '2-bit' type
    at line 60 in C:\Users\segur\OneDrive\Escritorio\Proyecto_2_UVM\Proyecto_2_UVM\Proyecto\MD\md_monitor.sv:60 [compile index 163]
*** Warning: WIDTH_MISMATCH_PADDING: Assignment to 'tx_offset' of '3-bit' type from 'vif.monitor_cb.md_tx_offset' of '2-bit' type
    at line 88 in C:\Users\segur\OneDrive\Escritorio\Proyecto_2_UVM\Proyecto_2_UVM\Proyecto\MD\md_monitor.sv:88 [compile index 163]
*** Warning: WIDTH_MISMATCH_PADDING: Assignment to 'b' of '32-bit' type from 'rx_offset' of '3-bit' type
    at line 105 in C:\Users\segur\OneDrive\Escritorio\Proyecto_2_UVM\Proyecto_2_UVM\Proyecto\Common modules\aligner_scoreboard.sv:105 [compile index 166]
*** Warning: WIDTH_MISMATCH_TRUNCATION: Assignment to 'ctrl_size_val' of '3-bit' type from 'reg_model.CTRL.SIZE.get()' of '64-bit' type
    at line 123 in C:\Users\segur\OneDrive\Escritorio\Proyecto_2_UVM\Proyecto_2_UVM\Proyecto\Common modules\aligner_scoreboard.sv:123 [compile index 166]
*** Warning: WIDTH_MISMATCH_TRUNCATION: Assignment to 'ctrl_offset_val' of '2-bit' type from 'reg_model.CTRL.OFFSET.get()' of '64-bit' type
    at line 124 in C:\Users\segur\OneDrive\Escritorio\Proyecto_2_UVM\Proyecto_2_UVM\Proyecto\Common modules\aligner_scoreboard.sv:124 [compile index 166]
*** Error: NON_EXISTING_PORT: Non existing port 'clk' of module 'cfs_aligner'
    at line 101 in C:\Users\segur\OneDrive\Escritorio\Proyecto_2_UVM\Proyecto_2_UVM\Proyecto\Common modules\aligner_tb_top.sv:101 [compile index 149]
*** Error: NON_EXISTING_PORT: Non existing port 'reset_n' of module 'cfs_aligner'
    at line 102 in C:\Users\segur\OneDrive\Escritorio\Proyecto_2_UVM\Proyecto_2_UVM\Proyecto\Common modules\aligner_tb_top.sv:102 [compile index 149]
*** Error: NON_EXISTING_PORT: Non existing port 'paddr' of module 'cfs_aligner'
    at line 105 in C:\Users\segur\OneDrive\Escritorio\Proyecto_2_UVM\Proyecto_2_UVM\Proyecto\Common modules\aligner_tb_top.sv:105 [compile index 149]
*** Error: NON_EXISTING_PORT: Non existing port 'pwrite' of module 'cfs_aligner'
    at line 106 in C:\Users\segur\OneDrive\Escritorio\Proyecto_2_UVM\Proyecto_2_UVM\Proyecto\Common modules\aligner_tb_top.sv:106 [compile index 149]
*** Error: NON_EXISTING_PORT: Non existing port 'psel' of module 'cfs_aligner'
    at line 107 in C:\Users\segur\OneDrive\Escritorio\Proyecto_2_UVM\Proyecto_2_UVM\Proyecto\Common modules\aligner_tb_top.sv:107 [compile index 149]
*** Error: NON_EXISTING_PORT: Non existing port 'penable' of module 'cfs_aligner'
    at line 108 in C:\Users\segur\OneDrive\Escritorio\Proyecto_2_UVM\Proyecto_2_UVM\Proyecto\Common modules\aligner_tb_top.sv:108 [compile index 149]
*** Error: NON_EXISTING_PORT: Non existing port 'pwdata' of module 'cfs_aligner'
    at line 109 in C:\Users\segur\OneDrive\Escritorio\Proyecto_2_UVM\Proyecto_2_UVM\Proyecto\Common modules\aligner_tb_top.sv:109 [compile index 149]
*** Error: NON_EXISTING_PORT: Non existing port 'pready' of module 'cfs_aligner'
    at line 110 in C:\Users\segur\OneDrive\Escritorio\Proyecto_2_UVM\Proyecto_2_UVM\Proyecto\Common modules\aligner_tb_top.sv:110 [compile index 149]
*** Error: NON_EXISTING_PORT: Non existing port 'prdata' of module 'cfs_aligner'
    at line 111 in C:\Users\segur\OneDrive\Escritorio\Proyecto_2_UVM\Proyecto_2_UVM\Proyecto\Common modules\aligner_tb_top.sv:111 [compile index 149]
*** Error: NON_EXISTING_PORT: Non existing port 'pslverr' of module 'cfs_aligner'
    at line 112 in C:\Users\segur\OneDrive\Escritorio\Proyecto_2_UVM\Proyecto_2_UVM\Proyecto\Common modules\aligner_tb_top.sv:112 [compile index 149]
*** Error: NON_EXISTING_PORT: Non existing port 'md_rx_valid' of module 'cfs_aligner'
    at line 115 in C:\Users\segur\OneDrive\Escritorio\Proyecto_2_UVM\Proyecto_2_UVM\Proyecto\Common modules\aligner_tb_top.sv:115 [compile index 149]
*** Error: NON_EXISTING_PORT: Non existing port 'md_rx_data' of module 'cfs_aligner'
    at line 116 in C:\Users\segur\OneDrive\Escritorio\Proyecto_2_UVM\Proyecto_2_UVM\Proyecto\Common modules\aligner_tb_top.sv:116 [compile index 149]
*** Error: NON_EXISTING_PORT: Non existing port 'md_rx_offset' of module 'cfs_aligner'
    at line 117 in C:\Users\segur\OneDrive\Escritorio\Proyecto_2_UVM\Proyecto_2_UVM\Proyecto\Common modules\aligner_tb_top.sv:117 [compile index 149]
*** Error: NON_EXISTING_PORT: Non existing port 'md_rx_size' of module 'cfs_aligner'
    at line 118 in C:\Users\segur\OneDrive\Escritorio\Proyecto_2_UVM\Proyecto_2_UVM\Proyecto\Common modules\aligner_tb_top.sv:118 [compile index 149]
*** Error: NON_EXISTING_PORT: Non existing port 'md_rx_ready' of module 'cfs_aligner'
    at line 119 in C:\Users\segur\OneDrive\Escritorio\Proyecto_2_UVM\Proyecto_2_UVM\Proyecto\Common modules\aligner_tb_top.sv:119 [compile index 149]
*** Error: NON_EXISTING_PORT: Non existing port 'md_rx_err' of module 'cfs_aligner'
    at line 120 in C:\Users\segur\OneDrive\Escritorio\Proyecto_2_UVM\Proyecto_2_UVM\Proyecto\Common modules\aligner_tb_top.sv:120 [compile index 149]
*** Error: NON_EXISTING_PORT: Non existing port 'md_tx_valid' of module 'cfs_aligner'
    at line 123 in C:\Users\segur\OneDrive\Escritorio\Proyecto_2_UVM\Proyecto_2_UVM\Proyecto\Common modules\aligner_tb_top.sv:123 [compile index 149]
*** Error: NON_EXISTING_PORT: Non existing port 'md_tx_data' of module 'cfs_aligner'
    at line 124 in C:\Users\segur\OneDrive\Escritorio\Proyecto_2_UVM\Proyecto_2_UVM\Proyecto\Common modules\aligner_tb_top.sv:124 [compile index 149]
*** Error: NON_EXISTING_PORT: Non existing port 'md_tx_offset' of module 'cfs_aligner'
    at line 125 in C:\Users\segur\OneDrive\Escritorio\Proyecto_2_UVM\Proyecto_2_UVM\Proyecto\Common modules\aligner_tb_top.sv:125 [compile index 149]
*** Error: NON_EXISTING_PORT: Non existing port 'md_tx_size' of module 'cfs_aligner'
    at line 126 in C:\Users\segur\OneDrive\Escritorio\Proyecto_2_UVM\Proyecto_2_UVM\Proyecto\Common modules\aligner_tb_top.sv:126 [compile index 149]
*** Error: NON_EXISTING_PORT: Non existing port 'md_tx_ready' of module 'cfs_aligner'
    at line 127 in C:\Users\segur\OneDrive\Escritorio\Proyecto_2_UVM\Proyecto_2_UVM\Proyecto\Common modules\aligner_tb_top.sv:127 [compile index 149]
*** Error: NON_EXISTING_PORT: Non existing port 'md_tx_err' of module 'cfs_aligner'
    at line 128 in C:\Users\segur\OneDrive\Escritorio\Proyecto_2_UVM\Proyecto_2_UVM\Proyecto\Common modules\aligner_tb_top.sv:128 [compile index 149]
*** Error: NON_EXISTING_PORT: Non existing port 'irq' of module 'cfs_aligner'
    at line 131 in C:\Users\segur\OneDrive\Escritorio\Proyecto_2_UVM\Proyecto_2_UVM\Proyecto\Common modules\aligner_tb_top.sv:131 [compile index 149]
*** Error: UNDECLARED_IDENTIFIER: Identifier 'assert' is not declared
    at line 55 in C:\Users\segur\OneDrive\Escritorio\Proyecto_2_UVM\Proyecto_2_UVM\Proyecto\DUT\cfs_synch_fifo.v:55 [compile index 171]
*** Error: UNDECLARED_IDENTIFIER: Identifier 'assert' is not declared
    at line 59 in C:\Users\segur\OneDrive\Escritorio\Proyecto_2_UVM\Proyecto_2_UVM\Proyecto\DUT\cfs_synch_fifo.v:59 [compile index 171]
*** Error: ILLEGAL_NONCONSTANT_EXPRESSION: Expecting constant expression, but found 'wr_ptr_push'
    at line 94 in C:\Users\segur\OneDrive\Escritorio\Proyecto_2_UVM\Proyecto_2_UVM\Proyecto\DUT\cfs_synch_fifo.v:94 [compile index 171]
*** Warning: UNELABORATED_MODULE: Module 'work.cfs_synch' is not elaborated
    at line 12 in C:\Users\segur\OneDrive\Escritorio\Proyecto_2_UVM\Proyecto_2_UVM\Proyecto\DUT\cfs_synch.v:12 [compile index 170]
*** Error: ILLEGAL_NONCONSTANT_EXPRESSION: Expecting constant expression, but found 'rd_ptr_pop'
    at line 138 in C:\Users\segur\OneDrive\Escritorio\Proyecto_2_UVM\Proyecto_2_UVM\Proyecto\DUT\cfs_synch_fifo.v:138 [compile index 171]
*** Error: ILLEGAL_NONCONSTANT_EXPRESSION: Expecting constant expression, but found 'wr_ptr_push'
    at line 161 in C:\Users\segur\OneDrive\Escritorio\Proyecto_2_UVM\Proyecto_2_UVM\Proyecto\DUT\cfs_synch_fifo.v:161 [compile index 171]
*** Error: ILLEGAL_NONCONSTANT_EXPRESSION: Expecting constant expression, but found 'rd_ptr_push'
    at line 161 in C:\Users\segur\OneDrive\Escritorio\Proyecto_2_UVM\Proyecto_2_UVM\Proyecto\DUT\cfs_synch_fifo.v:161 [compile index 171]
*** Error: ILLEGAL_NONCONSTANT_EXPRESSION: Expecting constant expression, but found 'push_fifo_lvl_dly'
    at line 162 in C:\Users\segur\OneDrive\Escritorio\Proyecto_2_UVM\Proyecto_2_UVM\Proyecto\DUT\cfs_synch_fifo.v:162 [compile index 171]
*** Error: ILLEGAL_NONCONSTANT_EXPRESSION: Expecting constant expression, but found 'wr_ptr_push'
    at line 169 in C:\Users\segur\OneDrive\Escritorio\Proyecto_2_UVM\Proyecto_2_UVM\Proyecto\DUT\cfs_synch_fifo.v:169 [compile index 171]
*** Error: ILLEGAL_NONCONSTANT_EXPRESSION: Expecting constant expression, but found 'rd_ptr_push'
    at line 169 in C:\Users\segur\OneDrive\Escritorio\Proyecto_2_UVM\Proyecto_2_UVM\Proyecto\DUT\cfs_synch_fifo.v:169 [compile index 171]
*** Error: ILLEGAL_NONCONSTANT_EXPRESSION: Expecting constant expression, but found 'wr_ptr_pop'
    at line 178 in C:\Users\segur\OneDrive\Escritorio\Proyecto_2_UVM\Proyecto_2_UVM\Proyecto\DUT\cfs_synch_fifo.v:178 [compile index 171]
*** Error: ILLEGAL_NONCONSTANT_EXPRESSION: Expecting constant expression, but found 'rd_ptr_pop'
    at line 178 in C:\Users\segur\OneDrive\Escritorio\Proyecto_2_UVM\Proyecto_2_UVM\Proyecto\DUT\cfs_synch_fifo.v:178 [compile index 171]
*** Error: ILLEGAL_NONCONSTANT_EXPRESSION: Expecting constant expression, but found 'pop_fifo_lvl_dly'
    at line 179 in C:\Users\segur\OneDrive\Escritorio\Proyecto_2_UVM\Proyecto_2_UVM\Proyecto\DUT\cfs_synch_fifo.v:179 [compile index 171]
*** Error: ILLEGAL_NONCONSTANT_EXPRESSION: Expecting constant expression, but found 'wr_ptr_pop'
    at line 186 in C:\Users\segur\OneDrive\Escritorio\Proyecto_2_UVM\Proyecto_2_UVM\Proyecto\DUT\cfs_synch_fifo.v:186 [compile index 171]
*** Error: ILLEGAL_NONCONSTANT_EXPRESSION: Expecting constant expression, but found 'rd_ptr_pop'
    at line 186 in C:\Users\segur\OneDrive\Escritorio\Proyecto_2_UVM\Proyecto_2_UVM\Proyecto\DUT\cfs_synch_fifo.v:186 [compile index 171]
*** Warning: UNELABORATED_MODULE: Module 'work.cfs_rx_ctrl' is not elaborated
    at line 21 in C:\Users\segur\OneDrive\Escritorio\Proyecto_2_UVM\Proyecto_2_UVM\Proyecto\DUT\cfs_rx_ctrl.v:21 [compile index 172]
*** Warning: UNELABORATED_MODULE: Module 'work.cfs_ctrl' is not elaborated
    at line 12 in C:\Users\segur\OneDrive\Escritorio\Proyecto_2_UVM\Proyecto_2_UVM\Proyecto\DUT\cfs_ctrl.v:12 [compile index 173]
*** Warning: UNELABORATED_MODULE: Module 'work.cfs_tx_ctrl' is not elaborated
    at line 13 in C:\Users\segur\OneDrive\Escritorio\Proyecto_2_UVM\Proyecto_2_UVM\Proyecto\DUT\cfs_tx_ctrl.v:13 [compile index 174]
*** Warning: UNELABORATED_MODULE: Module 'work.cfs_edge_detect' is not elaborated
    at line 11 in C:\Users\segur\OneDrive\Escritorio\Proyecto_2_UVM\Proyecto_2_UVM\Proyecto\DUT\cfs_edge_detect.v:11 [compile index 175]
*** Warning: UNELABORATED_MODULE: Module 'work.cfs_regs' is not elaborated
    at line 17 in C:\Users\segur\OneDrive\Escritorio\Proyecto_2_UVM\Proyecto_2_UVM\Proyecto\DUT\cfs_regs.v:17 [compile index 176]
*** Warning: UNELABORATED_MODULE: Module 'work.cfs_aligner_core' is not elaborated
    at line 133 in C:\Users\segur\OneDrive\Escritorio\Proyecto_2_UVM\Proyecto_2_UVM\Proyecto\DUT\cfs_aligner_core.v:133 [compile index 177]
Performing mixed post full build step (VLOG - RD) [34 ms] ...
Performing mixed post full build step (VLOG - US) [52 ms] ...
*** Warning: SIGNAL_NEVER_WRITTEN: Signal 'push_fifo_lvl' is never written
    at line 37 in C:\Users\segur\OneDrive\Escritorio\Proyecto_2_UVM\Proyecto_2_UVM\Proyecto\DUT\cfs_synch_fifo.v:37 [compile index 171]
*** Warning: SIGNAL_NEVER_WRITTEN: Signal 'pop_fifo_lvl' is never written
    at line 51 in C:\Users\segur\OneDrive\Escritorio\Proyecto_2_UVM\Proyecto_2_UVM\Proyecto\DUT\cfs_synch_fifo.v:51 [compile index 171]
*** Warning: SIGNAL_NEVER_WRITTEN: Signal 'next_wr_ptr_push' is never written
    at line 76 in C:\Users\segur\OneDrive\Escritorio\Proyecto_2_UVM\Proyecto_2_UVM\Proyecto\DUT\cfs_synch_fifo.v:76 [compile index 171]
*** Warning: SIGNAL_NEVER_WRITTEN: Signal 'next_rd_ptr_pop' is never written
    at line 79 in C:\Users\segur\OneDrive\Escritorio\Proyecto_2_UVM\Proyecto_2_UVM\Proyecto\DUT\cfs_synch_fifo.v:79 [compile index 171]
*** Warning: OUTPUT_PORT_READ: Reading from output port 'push_ready' is not recommended
    at line 128 in C:\Users\segur\OneDrive\Escritorio\Proyecto_2_UVM\Proyecto_2_UVM\Proyecto\DUT\cfs_synch_fifo.v:128 [compile index 171]
*** Warning: SIGNAL_NOT_RESET: Signal 'fifo' is not reset
    at line 129 in C:\Users\segur\OneDrive\Escritorio\Proyecto_2_UVM\Proyecto_2_UVM\Proyecto\DUT\cfs_synch_fifo.v:129 [compile index 171]
*** Warning: OUTPUT_PORT_READ: Reading from output port 'push_full' is not recommended
    at line 135 in C:\Users\segur\OneDrive\Escritorio\Proyecto_2_UVM\Proyecto_2_UVM\Proyecto\DUT\cfs_synch_fifo.v:135 [compile index 171]
*** Warning: OUTPUT_PORT_READ: Reading from output port 'pop_valid' is not recommended
    at line 154 in C:\Users\segur\OneDrive\Escritorio\Proyecto_2_UVM\Proyecto_2_UVM\Proyecto\DUT\cfs_synch_fifo.v:154 [compile index 171]
*** Warning: OUTPUT_PORT_READ: Reading from output port 'pop_empty' is not recommended
    at line 194 in C:\Users\segur\OneDrive\Escritorio\Proyecto_2_UVM\Proyecto_2_UVM\Proyecto\DUT\cfs_synch_fifo.v:194 [compile index 171]
*** Warning: PARAMETER_NEVER_USED: Parameter 'ALGN_DATA_WIDTH' is never used
    at line 22 in C:\Users\segur\OneDrive\Escritorio\Proyecto_2_UVM\Proyecto_2_UVM\Proyecto\DUT\cfs_rx_ctrl.v:22 [compile index 172]
*** Warning: PARAMETER_NEVER_USED: Parameter 'STATUS_CNT_DROP_WIDTH' is never used
    at line 23 in C:\Users\segur\OneDrive\Escritorio\Proyecto_2_UVM\Proyecto_2_UVM\Proyecto\DUT\cfs_rx_ctrl.v:23 [compile index 172]
*** Warning: PARAMETER_NEVER_USED: Parameter 'ALGN_DATA_WIDTH' is never used
    at line 13 in C:\Users\segur\OneDrive\Escritorio\Proyecto_2_UVM\Proyecto_2_UVM\Proyecto\DUT\cfs_ctrl.v:13 [compile index 173]
*** Warning: PARAMETER_NEVER_USED: Parameter 'ALGN_DATA_WIDTH' is never used
    at line 14 in C:\Users\segur\OneDrive\Escritorio\Proyecto_2_UVM\Proyecto_2_UVM\Proyecto\DUT\cfs_tx_ctrl.v:14 [compile index 174]
*** Warning: PARAMETER_NEVER_USED: Parameter 'APB_ADDR_WIDTH' is never used
    at line 18 in C:\Users\segur\OneDrive\Escritorio\Proyecto_2_UVM\Proyecto_2_UVM\Proyecto\DUT\cfs_regs.v:18 [compile index 176]
*** Warning: PARAMETER_NEVER_USED: Parameter 'ALGN_DATA_WIDTH' is never used
    at line 19 in C:\Users\segur\OneDrive\Escritorio\Proyecto_2_UVM\Proyecto_2_UVM\Proyecto\DUT\cfs_regs.v:19 [compile index 176]
*** Warning: PARAMETER_NEVER_USED: Parameter 'STATUS_CNT_DROP_WIDTH' is never used
    at line 21 in C:\Users\segur\OneDrive\Escritorio\Proyecto_2_UVM\Proyecto_2_UVM\Proyecto\DUT\cfs_regs.v:21 [compile index 176]
*** Warning: PARAMETER_NEVER_USED: Parameter 'STATUS_RX_LVL_WIDTH' is never used
    at line 22 in C:\Users\segur\OneDrive\Escritorio\Proyecto_2_UVM\Proyecto_2_UVM\Proyecto\DUT\cfs_regs.v:22 [compile index 176]
*** Warning: PARAMETER_NEVER_USED: Parameter 'STATUS_TX_LVL_WIDTH' is never used
    at line 23 in C:\Users\segur\OneDrive\Escritorio\Proyecto_2_UVM\Proyecto_2_UVM\Proyecto\DUT\cfs_regs.v:23 [compile index 176]
*** Warning: PARAMETER_NEVER_USED: Parameter 'APB_ADDR_WIDTH' is never used
    at line 134 in C:\Users\segur\OneDrive\Escritorio\Proyecto_2_UVM\Proyecto_2_UVM\Proyecto\DUT\cfs_aligner_core.v:134 [compile index 177]
*** Warning: PARAMETER_NEVER_USED: Parameter 'ALGN_DATA_WIDTH' is never used
    at line 135 in C:\Users\segur\OneDrive\Escritorio\Proyecto_2_UVM\Proyecto_2_UVM\Proyecto\DUT\cfs_aligner_core.v:135 [compile index 177]
*** Warning: PARAMETER_NEVER_USED: Parameter 'FIFO_DEPTH' is never used
    at line 136 in C:\Users\segur\OneDrive\Escritorio\Proyecto_2_UVM\Proyecto_2_UVM\Proyecto\DUT\cfs_aligner_core.v:136 [compile index 177]
*** Warning: PARAMETER_NEVER_USED: Parameter 'CDC_RX_TO_REG' is never used
    at line 140 in C:\Users\segur\OneDrive\Escritorio\Proyecto_2_UVM\Proyecto_2_UVM\Proyecto\DUT\cfs_aligner_core.v:140 [compile index 177]
*** Warning: PARAMETER_NEVER_USED: Parameter 'CDC_REG_TO_TX' is never used
    at line 144 in C:\Users\segur\OneDrive\Escritorio\Proyecto_2_UVM\Proyecto_2_UVM\Proyecto\DUT\cfs_aligner_core.v:144 [compile index 177]
*** Warning: PARAMETER_NEVER_USED: Parameter 'ALGN_DATA_WIDTH' is never used
    at line 13 in C:\Users\segur\OneDrive\Escritorio\Proyecto_2_UVM\Proyecto_2_UVM\Proyecto\DUT\cfs_aligner.v:13 [compile index 178]
*** Warning: PARAMETER_NEVER_USED: Parameter 'FIFO_DEPTH' is never used
    at line 14 in C:\Users\segur\OneDrive\Escritorio\Proyecto_2_UVM\Proyecto_2_UVM\Proyecto\DUT\cfs_aligner.v:14 [compile index 178]
*** Done mixed mode extension build [2s.805ms] ***
*** Total build time [5s.745ms] ***
